@_fa,link,prism:url,dc:identifier,eid,dc:title,dc:creator,prism:publicationName,prism:eIssn,prism:volume,prism:issueIdentifier,prism:pageRange,prism:coverDate,prism:coverDisplayDate,prism:doi,citedby-count,affiliation,pubmed-id,prism:aggregationType,subtype,subtypeDescription,article-number,source-id,openaccess,openaccessFlag,freetoread,freetoreadLabel,prism:issn,pii,prism:isbn
true,"{'self': 'https://api.elsevier.com/content/abstract/scopus_id/85124265341', 'author-affiliation': 'https://api.elsevier.com/content/abstract/scopus_id/85124265341?field=author,affiliation', 'scopus': 'https://www.scopus.com/inward/record.uri?partnerID=HzOxMe3b&scp=85124265341&origin=inward', 'scopus-citedby': 'https://www.scopus.com/inward/citedby.uri?partnerID=HzOxMe3b&scp=85124265341&origin=inward'}",https://api.elsevier.com/content/abstract/scopus_id/85124265341,SCOPUS_ID:85124265341,2-s2.0-85124265341,Machine Learning Techniques for Increasing Efficiency of the Robot’s Sensor and Control Information Processing,Kondratenko Y.,Sensors,,22,3,,2022-02-01,February-1 2022,10.3390/s22031062,0,"[{'@_fa': 'true', 'affilname': 'Petro Mohyla Black Sea National University', 'affiliation-city': 'Mykolaiv', 'affiliation-country': 'Ukraine'}]",35161819,Journal,ar,Article,1062,130124,1,True,"{'value': [{'$': 'all'}, {'$': 'publisherfullgold'}, {'$': 'repository'}, {'$': 'repositoryam'}]}","{'value': [{'$': 'All Open Access'}, {'$': 'Gold'}, {'$': 'Green'}]}",14248220,,
true,"{'self': 'https://api.elsevier.com/content/abstract/scopus_id/85123351962', 'author-affiliation': 'https://api.elsevier.com/content/abstract/scopus_id/85123351962?field=author,affiliation', 'scopus': 'https://www.scopus.com/inward/record.uri?partnerID=HzOxMe3b&scp=85123351962&origin=inward', 'scopus-citedby': 'https://www.scopus.com/inward/citedby.uri?partnerID=HzOxMe3b&scp=85123351962&origin=inward'}",https://api.elsevier.com/content/abstract/scopus_id/85123351962,SCOPUS_ID:85123351962,2-s2.0-85123351962,An Experimental Safety Response Mechanism for an Autonomous Moving Robot in a Smart Manufacturing Environment Using Q-Learning Algorithm and Speech Recognition,Kiangala K.S.,Sensors,,22,3,,2022-02-01,February-1 2022,10.3390/s22030941,0,"[{'@_fa': 'true', 'affilname': 'University of South Africa', 'affiliation-city': 'Pretoria', 'affiliation-country': 'South Africa'}]",35161688,Journal,ar,Article,941,130124,1,True,"{'value': [{'$': 'all'}, {'$': 'publisherfullgold'}, {'$': 'repository'}, {'$': 'repositoryam'}]}","{'value': [{'$': 'All Open Access'}, {'$': 'Gold'}, {'$': 'Green'}]}",14248220,,
true,"{'self': 'https://api.elsevier.com/content/abstract/scopus_id/85120333069', 'author-affiliation': 'https://api.elsevier.com/content/abstract/scopus_id/85120333069?field=author,affiliation', 'scopus': 'https://www.scopus.com/inward/record.uri?partnerID=HzOxMe3b&scp=85120333069&origin=inward', 'scopus-citedby': 'https://www.scopus.com/inward/citedby.uri?partnerID=HzOxMe3b&scp=85120333069&origin=inward', 'full-text': 'https://api.elsevier.com/content/article/eid/1-s2.0-S0004370221001880'}",https://api.elsevier.com/content/abstract/scopus_id/85120333069,SCOPUS_ID:85120333069,2-s2.0-85120333069,Online perceptual learning and natural language acquisition for autonomous robots,Alomari M.,Artificial Intelligence,,303,,,2022-02-01,February 2022,10.1016/j.artint.2021.103637,0,"[{'@_fa': 'true', 'affilname': 'University of Leeds', 'affiliation-city': 'Leeds', 'affiliation-country': 'United Kingdom'}]",,Journal,ar,Article,103637,23675,1,True,"{'value': [{'$': 'all'}, {'$': 'publisherhybridgold'}]}","{'value': [{'$': 'All Open Access'}, {'$': 'Hybrid Gold'}]}",00043702,S0004370221001880,
true,"{'self': 'https://api.elsevier.com/content/abstract/scopus_id/85115270097', 'author-affiliation': 'https://api.elsevier.com/content/abstract/scopus_id/85115270097?field=author,affiliation', 'scopus': 'https://www.scopus.com/inward/record.uri?partnerID=HzOxMe3b&scp=85115270097&origin=inward', 'scopus-citedby': 'https://www.scopus.com/inward/citedby.uri?partnerID=HzOxMe3b&scp=85115270097&origin=inward'}",https://api.elsevier.com/content/abstract/scopus_id/85115270097,SCOPUS_ID:85115270097,2-s2.0-85115270097,RFSOD: a lightweight single-stage detector for real-time embedded applications to detect small-size objects,Amudhan A.N.,Journal of Real-Time Image Processing,18618219,19,1,133-146,2022-02-01,February 2022,10.1007/s11554-021-01170-3,0,"[{'@_fa': 'true', 'affilname': 'National Institute of Technology Calicut', 'affiliation-city': 'Kozhikode', 'affiliation-country': 'India'}]",,Journal,ar,Article,,4900152415,0,False,,,18618200,,
true,"{'self': 'https://api.elsevier.com/content/abstract/scopus_id/85114726716', 'author-affiliation': 'https://api.elsevier.com/content/abstract/scopus_id/85114726716?field=author,affiliation', 'scopus': 'https://www.scopus.com/inward/record.uri?partnerID=HzOxMe3b&scp=85114726716&origin=inward', 'scopus-citedby': 'https://www.scopus.com/inward/citedby.uri?partnerID=HzOxMe3b&scp=85114726716&origin=inward'}",https://api.elsevier.com/content/abstract/scopus_id/85114726716,SCOPUS_ID:85114726716,2-s2.0-85114726716,A Novel Tissue Identification Framework in Cataract Surgery Using an Integrated Bioimpedance-Based Probe and Machine Learning Algorithms,Aghajanipedram S.,IEEE Transactions on Biomedical Engineering,15582531,69,2,910-920,2022-02-01,1 February 2022,10.1109/TBME.2021.3109246,0,"[{'@_fa': 'true', 'affilname': 'University of California, Los Angeles', 'affiliation-city': 'Los Angeles', 'affiliation-country': 'United States'}]",34469289,Journal,ar,Article,,16318,0,False,,,00189294,,
true,"{'self': 'https://api.elsevier.com/content/abstract/scopus_id/85112417836', 'author-affiliation': 'https://api.elsevier.com/content/abstract/scopus_id/85112417836?field=author,affiliation', 'scopus': 'https://www.scopus.com/inward/record.uri?partnerID=HzOxMe3b&scp=85112417836&origin=inward', 'scopus-citedby': 'https://www.scopus.com/inward/citedby.uri?partnerID=HzOxMe3b&scp=85112417836&origin=inward'}",https://api.elsevier.com/content/abstract/scopus_id/85112417836,SCOPUS_ID:85112417836,2-s2.0-85112417836,Fully Onboard AI-Powered Human-Drone Pose Estimation on Ultralow-Power Autonomous Flying Nano-UAVs,Palossi D.,IEEE Internet of Things Journal,23274662,9,3,1913-1929,2022-02-01,1 February 2022,10.1109/JIOT.2021.3091643,0,"[{'@_fa': 'true', 'affilname': 'ETH Zürich', 'affiliation-city': 'Zurich ZH,', 'affiliation-country': 'Switzerland'}, {'@_fa': 'true', 'affilname': 'Università della Svizzera italiana', 'affiliation-city': 'Lugano', 'affiliation-country': 'Switzerland'}]",,Journal,ar,Article,,21100338350,0,False,"{'value': [{'$': 'all'}, {'$': 'repository'}, {'$': 'repositoryam'}]}","{'value': [{'$': 'All Open Access'}, {'$': 'Green'}]}",,,
true,"{'self': 'https://api.elsevier.com/content/abstract/scopus_id/85101742423', 'author-affiliation': 'https://api.elsevier.com/content/abstract/scopus_id/85101742423?field=author,affiliation', 'scopus': 'https://www.scopus.com/inward/record.uri?partnerID=HzOxMe3b&scp=85101742423&origin=inward', 'scopus-citedby': 'https://www.scopus.com/inward/citedby.uri?partnerID=HzOxMe3b&scp=85101742423&origin=inward'}",https://api.elsevier.com/content/abstract/scopus_id/85101742423,SCOPUS_ID:85101742423,2-s2.0-85101742423,Domain-Invariant Similarity Activation Map Contrastive Learning for Retrieval-Based Long-Term Visual Localization,Hu H.,IEEE/CAA Journal of Automatica Sinica,23299274,9,2,313-328,2022-02-01,1 February 2022,10.1109/JAS.2021.1003907,0,"[{'@_fa': 'true', 'affilname': 'Shanghai Jiao Tong University', 'affiliation-city': 'Shanghai', 'affiliation-country': 'China'}]",,Journal,ar,Article,,21100367773,0,False,"{'value': [{'$': 'all'}, {'$': 'repository'}, {'$': 'repositoryam'}]}","{'value': [{'$': 'All Open Access'}, {'$': 'Green'}]}",23299266,,
true,"{'self': 'https://api.elsevier.com/content/abstract/scopus_id/85122701215', 'author-affiliation': 'https://api.elsevier.com/content/abstract/scopus_id/85122701215?field=author,affiliation', 'scopus': 'https://www.scopus.com/inward/record.uri?partnerID=HzOxMe3b&scp=85122701215&origin=inward', 'scopus-citedby': 'https://www.scopus.com/inward/citedby.uri?partnerID=HzOxMe3b&scp=85122701215&origin=inward'}",https://api.elsevier.com/content/abstract/scopus_id/85122701215,SCOPUS_ID:85122701215,2-s2.0-85122701215,Real-Time Ultrasound Doppler Tracking and Autonomous Navigation of a Miniature Helical Robot for Accelerating Thrombolysis in Dynamic Blood Flow,Wang Q.,ACS Nano,1936086X,16,1,604-616,2022-01-25,25 January 2022,10.1021/acsnano.1c07830,0,"[{'@_fa': 'true', 'affilname': 'Chinese University of Hong Kong', 'affiliation-city': 'Hong Kong', 'affiliation-country': 'Hong Kong'}]",,Journal,ar,Article,,11500153511,0,False,,,19360851,,
true,"{'self': 'https://api.elsevier.com/content/abstract/scopus_id/85123412686', 'author-affiliation': 'https://api.elsevier.com/content/abstract/scopus_id/85123412686?field=author,affiliation', 'scopus': 'https://www.scopus.com/inward/record.uri?partnerID=HzOxMe3b&scp=85123412686&origin=inward', 'scopus-citedby': 'https://www.scopus.com/inward/citedby.uri?partnerID=HzOxMe3b&scp=85123412686&origin=inward'}",https://api.elsevier.com/content/abstract/scopus_id/85123412686,SCOPUS_ID:85123412686,2-s2.0-85123412686,Global Trends and Hotspots in Research on Rehabilitation Robots: A Bibliometric Analysis From 2010 to 2020,Xue X.,Frontiers in Public Health,22962565,9,,,2022-01-11,11 January 2022,10.3389/fpubh.2021.806723,0,"[{'@_fa': 'true', 'affilname': 'Chengdu Sport University', 'affiliation-city': 'Chengdu', 'affiliation-country': 'China'}]",35087788,Journal,ar,Article,806723,21100798718,1,True,"{'value': [{'$': 'all'}, {'$': 'publisherfullgold'}, {'$': 'repository'}, {'$': 'repositoryam'}]}","{'value': [{'$': 'All Open Access'}, {'$': 'Gold'}, {'$': 'Green'}]}",,,
true,"{'self': 'https://api.elsevier.com/content/abstract/scopus_id/85124677666', 'author-affiliation': 'https://api.elsevier.com/content/abstract/scopus_id/85124677666?field=author,affiliation', 'scopus': 'https://www.scopus.com/inward/record.uri?partnerID=HzOxMe3b&scp=85124677666&origin=inward', 'scopus-citedby': 'https://www.scopus.com/inward/citedby.uri?partnerID=HzOxMe3b&scp=85124677666&origin=inward'}",https://api.elsevier.com/content/abstract/scopus_id/85124677666,SCOPUS_ID:85124677666,2-s2.0-85124677666,ASM-ROBOT: A Cyber-Physical Home Automation Controller with Memristive Reconfigurable State Machine,Okafor K.C.,International Journal of Advanced Computer Science and Applications,21565570,13,1,896-912,2022-01-01,2022,10.14569/IJACSA.2022.01301103,0,"[{'@_fa': 'true', 'affilname': 'Federal University of Technology, Owerri', 'affiliation-city': 'Owerri', 'affiliation-country': 'Nigeria'}, {'@_fa': 'true', 'affilname': 'University of Johannesburg', 'affiliation-city': 'Johannesburg', 'affiliation-country': 'South Africa'}]",,Journal,ar,Article,,21100867241,1,True,"{'value': [{'$': 'all'}, {'$': 'publisherfullgold'}]}","{'value': [{'$': 'All Open Access'}, {'$': 'Gold'}]}",2158107X,,
true,"{'self': 'https://api.elsevier.com/content/abstract/scopus_id/85124676519', 'author-affiliation': 'https://api.elsevier.com/content/abstract/scopus_id/85124676519?field=author,affiliation', 'scopus': 'https://www.scopus.com/inward/record.uri?partnerID=HzOxMe3b&scp=85124676519&origin=inward', 'scopus-citedby': 'https://www.scopus.com/inward/citedby.uri?partnerID=HzOxMe3b&scp=85124676519&origin=inward'}",https://api.elsevier.com/content/abstract/scopus_id/85124676519,SCOPUS_ID:85124676519,2-s2.0-85124676519,"5th International Workshop on Artificial Intelligence for Business Process Management, AI4BPM 2021, 17th International Workshop on Business Process Intelligence, BPI 2021, 1st International Workshop on BPM Governance for and Beyond DigitalTransformation, BPMGOV 2021, 1st International Workshop on Business Process Management and Routine Dynamics, BPM and RD 2021, 14th International Workshop on Social and Human Aspects of Business Process Management, BPMS2 2021, 9th International Workshop on DEClarative, DECision and Hybrid approaches to processes, DEC2H 2021, 5th International Workshop on Business Processes Meet the Internet-of-Things, BP-Meet-IoT 2021, 4th International Workshop on Security and Privacy-enhanced Business Process Management, SPBP 2021 held at 19th International Conference on Business Process Management, BPM 2021",,Lecture Notes in Business Information Processing,18651356,436 LNBIP,,,2022-01-01,2022,,0,,,Book Series,cr,Conference Review,,17500155101,0,False,,,18651348,,"[{'@_fa': 'true', '$': '9783030943424'}]"
true,"{'self': 'https://api.elsevier.com/content/abstract/scopus_id/85124636691', 'author-affiliation': 'https://api.elsevier.com/content/abstract/scopus_id/85124636691?field=author,affiliation', 'scopus': 'https://www.scopus.com/inward/record.uri?partnerID=HzOxMe3b&scp=85124636691&origin=inward', 'scopus-citedby': 'https://www.scopus.com/inward/citedby.uri?partnerID=HzOxMe3b&scp=85124636691&origin=inward'}",https://api.elsevier.com/content/abstract/scopus_id/85124636691,SCOPUS_ID:85124636691,2-s2.0-85124636691,Deploying Machine Learning Techniques for Human Emotion Detection,Siam A.I.,Computational intelligence and neuroscience,16875273,2022,,8032673,2022-01-01,2022,10.1155/2022/8032673,0,"[{'@_fa': 'true', 'affilname': 'Kafrelsheikh University', 'affiliation-city': 'Kafr el-Sheikh', 'affiliation-country': 'Egypt'}]",35154306,Journal,ar,Article,,7000153240,1,True,"{'value': [{'$': 'all'}, {'$': 'publisherfullgold'}, {'$': 'repository'}, {'$': 'repositoryam'}]}","{'value': [{'$': 'All Open Access'}, {'$': 'Gold'}, {'$': 'Green'}]}",,,
true,"{'self': 'https://api.elsevier.com/content/abstract/scopus_id/85124597331', 'author-affiliation': 'https://api.elsevier.com/content/abstract/scopus_id/85124597331?field=author,affiliation', 'scopus': 'https://www.scopus.com/inward/record.uri?partnerID=HzOxMe3b&scp=85124597331&origin=inward', 'scopus-citedby': 'https://www.scopus.com/inward/citedby.uri?partnerID=HzOxMe3b&scp=85124597331&origin=inward'}",https://api.elsevier.com/content/abstract/scopus_id/85124597331,SCOPUS_ID:85124597331,2-s2.0-85124597331,A binocular reconstruction based on perspective projection constraints and its application on robot eye-hand coordination,Wei H.,IET Computer Vision,17519640,,,,2022-01-01,2022,10.1049/cvi2.12091,0,"[{'@_fa': 'true', 'affilname': 'Fudan University', 'affiliation-city': 'Shanghai', 'affiliation-country': 'China'}]",,Journal,ar,Article,,7000153231,1,True,"{'value': [{'$': 'all'}, {'$': 'publisherfullgold'}]}","{'value': [{'$': 'All Open Access'}, {'$': 'Gold'}]}",17519632,,
true,"{'self': 'https://api.elsevier.com/content/abstract/scopus_id/85124240200', 'author-affiliation': 'https://api.elsevier.com/content/abstract/scopus_id/85124240200?field=author,affiliation', 'scopus': 'https://www.scopus.com/inward/record.uri?partnerID=HzOxMe3b&scp=85124240200&origin=inward', 'scopus-citedby': 'https://www.scopus.com/inward/citedby.uri?partnerID=HzOxMe3b&scp=85124240200&origin=inward'}",https://api.elsevier.com/content/abstract/scopus_id/85124240200,SCOPUS_ID:85124240200,2-s2.0-85124240200,Tactile based Intelligence Touch Technology in IoT configured WCN in B5G/6G-A Survey,Gupta M.,IEEE Access,21693536,,,,2022-01-01,2022,10.1109/ACCESS.2022.3148473,0,"[{'@_fa': 'true', 'affilname': 'Shri Mata Vaishno Devi University', 'affiliation-city': 'Katra', 'affiliation-country': 'India'}]",,Journal,ar,Article,,21100374601,1,True,"{'value': [{'$': 'all'}, {'$': 'publisherfullgold'}]}","{'value': [{'$': 'All Open Access'}, {'$': 'Gold'}]}",,,
true,"{'self': 'https://api.elsevier.com/content/abstract/scopus_id/85124240013', 'author-affiliation': 'https://api.elsevier.com/content/abstract/scopus_id/85124240013?field=author,affiliation', 'scopus': 'https://www.scopus.com/inward/record.uri?partnerID=HzOxMe3b&scp=85124240013&origin=inward', 'scopus-citedby': 'https://www.scopus.com/inward/citedby.uri?partnerID=HzOxMe3b&scp=85124240013&origin=inward'}",https://api.elsevier.com/content/abstract/scopus_id/85124240013,SCOPUS_ID:85124240013,2-s2.0-85124240013,Theory and Design Considerations for the User Experience of Smart Environments,Reig S.,IEEE Transactions on Human-Machine Systems,21682305,,,,2022-01-01,2022,10.1109/THMS.2022.3142112,0,"[{'@_fa': 'true', 'affilname': 'Carnegie Mellon University', 'affiliation-city': 'Pittsburgh', 'affiliation-country': 'United States'}]",,Journal,ar,Article,,21100285028,0,False,,,21682291,,
true,"{'self': 'https://api.elsevier.com/content/abstract/scopus_id/85124226895', 'author-affiliation': 'https://api.elsevier.com/content/abstract/scopus_id/85124226895?field=author,affiliation', 'scopus': 'https://www.scopus.com/inward/record.uri?partnerID=HzOxMe3b&scp=85124226895&origin=inward', 'scopus-citedby': 'https://www.scopus.com/inward/citedby.uri?partnerID=HzOxMe3b&scp=85124226895&origin=inward'}",https://api.elsevier.com/content/abstract/scopus_id/85124226895,SCOPUS_ID:85124226895,2-s2.0-85124226895,An Open Simulation Environment for Learning and Practice of Robot-Assisted Surgical Suturing,Munawar A.,IEEE Robotics and Automation Letters,23773766,,,,2022-01-01,2022,10.1109/LRA.2022.3146900,0,"[{'@_fa': 'true', 'affilname': 'Johns Hopkins University', 'affiliation-city': 'Baltimore', 'affiliation-country': 'United States'}]",,Journal,ar,Article,,21100900379,0,False,,,,,
true,"{'self': 'https://api.elsevier.com/content/abstract/scopus_id/85124208344', 'author-affiliation': 'https://api.elsevier.com/content/abstract/scopus_id/85124208344?field=author,affiliation', 'scopus': 'https://www.scopus.com/inward/record.uri?partnerID=HzOxMe3b&scp=85124208344&origin=inward', 'scopus-citedby': 'https://www.scopus.com/inward/citedby.uri?partnerID=HzOxMe3b&scp=85124208344&origin=inward'}",https://api.elsevier.com/content/abstract/scopus_id/85124208344,SCOPUS_ID:85124208344,2-s2.0-85124208344,"TACTO: A Fast, Flexible, and Open-source Simulator for High-resolution Vision-based Tactile Sensors",Wang S.,IEEE Robotics and Automation Letters,23773766,,,,2022-01-01,2022,10.1109/LRA.2022.3146945,0,"[{'@_fa': 'true', 'affilname': 'Massachusetts Institute of Technology', 'affiliation-city': 'Cambridge', 'affiliation-country': 'United States'}]",,Journal,ar,Article,,21100900379,0,False,"{'value': [{'$': 'all'}, {'$': 'repository'}, {'$': 'repositoryam'}]}","{'value': [{'$': 'All Open Access'}, {'$': 'Green'}]}",,,
true,"{'self': 'https://api.elsevier.com/content/abstract/scopus_id/85124181770', 'author-affiliation': 'https://api.elsevier.com/content/abstract/scopus_id/85124181770?field=author,affiliation', 'scopus': 'https://www.scopus.com/inward/record.uri?partnerID=HzOxMe3b&scp=85124181770&origin=inward', 'scopus-citedby': 'https://www.scopus.com/inward/citedby.uri?partnerID=HzOxMe3b&scp=85124181770&origin=inward'}",https://api.elsevier.com/content/abstract/scopus_id/85124181770,SCOPUS_ID:85124181770,2-s2.0-85124181770,Sim2Air - Synthetic aerial dataset for UAV monitoring,Barisic A.,IEEE Robotics and Automation Letters,23773766,,,,2022-01-01,2022,10.1109/LRA.2022.3147337,0,"[{'@_fa': 'true', 'affilname': 'University of Zagreb, Faculty of Electrical Engineering and Computing', 'affiliation-city': 'Zagreb', 'affiliation-country': 'Croatia'}]",,Journal,ar,Article,,21100900379,0,False,"{'value': [{'$': 'all'}, {'$': 'repository'}, {'$': 'repositoryam'}]}","{'value': [{'$': 'All Open Access'}, {'$': 'Green'}]}",,,
true,"{'self': 'https://api.elsevier.com/content/abstract/scopus_id/85124134702', 'author-affiliation': 'https://api.elsevier.com/content/abstract/scopus_id/85124134702?field=author,affiliation', 'scopus': 'https://www.scopus.com/inward/record.uri?partnerID=HzOxMe3b&scp=85124134702&origin=inward', 'scopus-citedby': 'https://www.scopus.com/inward/citedby.uri?partnerID=HzOxMe3b&scp=85124134702&origin=inward'}",https://api.elsevier.com/content/abstract/scopus_id/85124134702,SCOPUS_ID:85124134702,2-s2.0-85124134702,Software Development for Agricultural Tillage Robot Based on Technologies of Machine Intelligence,Panarin R.N.,Communications in Computer and Information Science,18650937,1526 CCIS,,354-367,2022-01-01,2022,10.1007/978-3-030-94141-3_28,0,"[{'@_fa': 'true', 'affilname': 'Altai State University, Barnaul', 'affiliation-city': 'Barnaul', 'affiliation-country': 'Russian Federation'}]",,Book Series,cp,Conference Paper,,17700155007,0,False,,,18650929,,"[{'@_fa': 'true', '$': '9783030941406'}]"
true,"{'self': 'https://api.elsevier.com/content/abstract/scopus_id/85124085585', 'author-affiliation': 'https://api.elsevier.com/content/abstract/scopus_id/85124085585?field=author,affiliation', 'scopus': 'https://www.scopus.com/inward/record.uri?partnerID=HzOxMe3b&scp=85124085585&origin=inward', 'scopus-citedby': 'https://www.scopus.com/inward/citedby.uri?partnerID=HzOxMe3b&scp=85124085585&origin=inward'}",https://api.elsevier.com/content/abstract/scopus_id/85124085585,SCOPUS_ID:85124085585,2-s2.0-85124085585,A Fast CPU Real-time Facial Expression Detector using Sequential Attention Network for Human-robot Interaction,Putro M.D.,IEEE Transactions on Industrial Informatics,19410050,,,,2022-01-01,2022,10.1109/TII.2022.3145862,0,"[{'@_fa': 'true', 'affilname': 'University of Ulsan', 'affiliation-city': 'Ulsan', 'affiliation-country': 'South Korea'}]",,Journal,ar,Article,,144912,0,False,,,15513203,,
true,"{'self': 'https://api.elsevier.com/content/abstract/scopus_id/85124079019', 'author-affiliation': 'https://api.elsevier.com/content/abstract/scopus_id/85124079019?field=author,affiliation', 'scopus': 'https://www.scopus.com/inward/record.uri?partnerID=HzOxMe3b&scp=85124079019&origin=inward', 'scopus-citedby': 'https://www.scopus.com/inward/citedby.uri?partnerID=HzOxMe3b&scp=85124079019&origin=inward'}",https://api.elsevier.com/content/abstract/scopus_id/85124079019,SCOPUS_ID:85124079019,2-s2.0-85124079019,AI-Based Smart Robot for Restaurant Serving Applications,Qasim M.A.,Lecture Notes on Data Engineering and Communications Technologies,23674520,105,,107-123,2022-01-01,2022,10.1007/978-3-030-90618-4_5,0,"[{'@_fa': 'true', 'affilname': 'Government College University Faisalabad', 'affiliation-city': 'Faisalabad', 'affiliation-country': 'Pakistan'}]",,Book Series,ch,Book Chapter,,21100975545,0,False,,,23674512,,
true,"{'self': 'https://api.elsevier.com/content/abstract/scopus_id/85124070471', 'author-affiliation': 'https://api.elsevier.com/content/abstract/scopus_id/85124070471?field=author,affiliation', 'scopus': 'https://www.scopus.com/inward/record.uri?partnerID=HzOxMe3b&scp=85124070471&origin=inward', 'scopus-citedby': 'https://www.scopus.com/inward/citedby.uri?partnerID=HzOxMe3b&scp=85124070471&origin=inward'}",https://api.elsevier.com/content/abstract/scopus_id/85124070471,SCOPUS_ID:85124070471,2-s2.0-85124070471,Bottom-Up Skill Discovery from Unsegmented Demonstrations for Long-Horizon Robot Manipulation,Zhu Y.,IEEE Robotics and Automation Letters,23773766,,,,2022-01-01,2022,10.1109/LRA.2022.3146589,0,"[{'@_fa': 'true', 'affilname': 'The University of Texas at Austin', 'affiliation-city': 'Austin', 'affiliation-country': 'United States'}]",,Journal,ar,Article,,21100900379,0,False,"{'value': [{'$': 'all'}, {'$': 'repository'}, {'$': 'repositoryam'}]}","{'value': [{'$': 'All Open Access'}, {'$': 'Green'}]}",,,
true,"{'self': 'https://api.elsevier.com/content/abstract/scopus_id/85124068450', 'author-affiliation': 'https://api.elsevier.com/content/abstract/scopus_id/85124068450?field=author,affiliation', 'scopus': 'https://www.scopus.com/inward/record.uri?partnerID=HzOxMe3b&scp=85124068450&origin=inward', 'scopus-citedby': 'https://www.scopus.com/inward/citedby.uri?partnerID=HzOxMe3b&scp=85124068450&origin=inward'}",https://api.elsevier.com/content/abstract/scopus_id/85124068450,SCOPUS_ID:85124068450,2-s2.0-85124068450,Acclimatization of Nanorobots in Medical Applications Using the Artificial Intelligence System with the Data Transfer Approach,Manoharan H.,Wireless Communications and Mobile Computing,15308677,2022,,,2022-01-01,2022,10.1155/2022/5877042,0,"[{'@_fa': 'true', 'affilname': 'Panimalar Institute of Technology', 'affiliation-city': 'Chennai', 'affiliation-country': 'India'}]",,Journal,ar,Article,5877042,17543,1,True,"{'value': [{'$': 'all'}, {'$': 'publisherfullgold'}]}","{'value': [{'$': 'All Open Access'}, {'$': 'Gold'}]}",15308669,,
true,"{'self': 'https://api.elsevier.com/content/abstract/scopus_id/85124067150', 'author-affiliation': 'https://api.elsevier.com/content/abstract/scopus_id/85124067150?field=author,affiliation', 'scopus': 'https://www.scopus.com/inward/record.uri?partnerID=HzOxMe3b&scp=85124067150&origin=inward', 'scopus-citedby': 'https://www.scopus.com/inward/citedby.uri?partnerID=HzOxMe3b&scp=85124067150&origin=inward'}",https://api.elsevier.com/content/abstract/scopus_id/85124067150,SCOPUS_ID:85124067150,2-s2.0-85124067150,Global-Reasoned Multi-Task Learning Model for Surgical Scene Understanding,Seenivasan L.,IEEE Robotics and Automation Letters,23773766,,,,2022-01-01,2022,10.1109/LRA.2022.3146544,0,"[{'@_fa': 'true', 'affilname': 'National University of Singapore', 'affiliation-city': 'Singapore City', 'affiliation-country': 'Singapore'}]",,Journal,ar,Article,,21100900379,0,False,"{'value': [{'$': 'all'}, {'$': 'repository'}, {'$': 'repositoryam'}]}","{'value': [{'$': 'All Open Access'}, {'$': 'Green'}]}",,,
true,"{'self': 'https://api.elsevier.com/content/abstract/scopus_id/85123996230', 'author-affiliation': 'https://api.elsevier.com/content/abstract/scopus_id/85123996230?field=author,affiliation', 'scopus': 'https://www.scopus.com/inward/record.uri?partnerID=HzOxMe3b&scp=85123996230&origin=inward', 'scopus-citedby': 'https://www.scopus.com/inward/citedby.uri?partnerID=HzOxMe3b&scp=85123996230&origin=inward'}",https://api.elsevier.com/content/abstract/scopus_id/85123996230,SCOPUS_ID:85123996230,2-s2.0-85123996230,Recognising and predicting gait cycle states for weight-reducing exoskeleton robots using deep learning,Zhao H.,International Journal of Mechatronics and Automation,20451067,9,1,12-21,2022-01-01,2022,10.1504/IJMA.2022.120480,0,"[{'@_fa': 'true', 'affilname': 'Kanazawa University', 'affiliation-city': 'Kanazawa', 'affiliation-country': 'Japan'}]",,Journal,ar,Article,,21100325719,0,False,,,20451059,,
true,"{'self': 'https://api.elsevier.com/content/abstract/scopus_id/85123950765', 'author-affiliation': 'https://api.elsevier.com/content/abstract/scopus_id/85123950765?field=author,affiliation', 'scopus': 'https://www.scopus.com/inward/record.uri?partnerID=HzOxMe3b&scp=85123950765&origin=inward', 'scopus-citedby': 'https://www.scopus.com/inward/citedby.uri?partnerID=HzOxMe3b&scp=85123950765&origin=inward'}",https://api.elsevier.com/content/abstract/scopus_id/85123950765,SCOPUS_ID:85123950765,2-s2.0-85123950765,Real-time kinematic analysis of beam pumping unit: a deep learning approach,Sun J.,Neural Computing and Applications,14333058,,,,2022-01-01,2022,10.1007/s00521-021-06783-0,0,"[{'@_fa': 'true', 'affilname': 'Beijing University of Technology', 'affiliation-city': 'Beijing', 'affiliation-country': 'China'}]",,Journal,ar,Article,,24800,0,False,,,09410643,,
true,"{'self': 'https://api.elsevier.com/content/abstract/scopus_id/85123899044', 'author-affiliation': 'https://api.elsevier.com/content/abstract/scopus_id/85123899044?field=author,affiliation', 'scopus': 'https://www.scopus.com/inward/record.uri?partnerID=HzOxMe3b&scp=85123899044&origin=inward', 'scopus-citedby': 'https://www.scopus.com/inward/citedby.uri?partnerID=HzOxMe3b&scp=85123899044&origin=inward'}",https://api.elsevier.com/content/abstract/scopus_id/85123899044,SCOPUS_ID:85123899044,2-s2.0-85123899044,Toward Reinforcement Learning Identification for Swarms Engaged in Cooperative Pursuit,Sargent L.H.,"AIAA Science and Technology Forum and Exposition, AIAA SciTech Forum 2022",,,,,2022-01-01,2022,10.2514/6.2022-2501,0,"[{'@_fa': 'true', 'affilname': 'University of Miami', 'affiliation-city': 'Coral Gables', 'affiliation-country': 'United States'}]",,Conference Proceeding,cp,Conference Paper,AIAA 2022-2501,21101074853,0,False,,,,,"[{'@_fa': 'true', '$': '9781624106316'}]"
true,"{'self': 'https://api.elsevier.com/content/abstract/scopus_id/85123739674', 'author-affiliation': 'https://api.elsevier.com/content/abstract/scopus_id/85123739674?field=author,affiliation', 'scopus': 'https://www.scopus.com/inward/record.uri?partnerID=HzOxMe3b&scp=85123739674&origin=inward', 'scopus-citedby': 'https://www.scopus.com/inward/citedby.uri?partnerID=HzOxMe3b&scp=85123739674&origin=inward'}",https://api.elsevier.com/content/abstract/scopus_id/85123739674,SCOPUS_ID:85123739674,2-s2.0-85123739674,"Kimera-Multi: Robust, Distributed, Dense Metric-Semantic SLAM for Multi-Robot Systems",Tian Y.,IEEE Transactions on Robotics,19410468,,,,2022-01-01,2022,10.1109/TRO.2021.3137751,0,"[{'@_fa': 'true', 'affilname': 'Massachusetts Institute of Technology', 'affiliation-city': 'Cambridge', 'affiliation-country': 'United States'}]",,Journal,ar,Article,,95101,0,False,"{'value': [{'$': 'all'}, {'$': 'repository'}, {'$': 'repositoryam'}]}","{'value': [{'$': 'All Open Access'}, {'$': 'Green'}]}",15523098,,
true,"{'self': 'https://api.elsevier.com/content/abstract/scopus_id/85123730675', 'author-affiliation': 'https://api.elsevier.com/content/abstract/scopus_id/85123730675?field=author,affiliation', 'scopus': 'https://www.scopus.com/inward/record.uri?partnerID=HzOxMe3b&scp=85123730675&origin=inward', 'scopus-citedby': 'https://www.scopus.com/inward/citedby.uri?partnerID=HzOxMe3b&scp=85123730675&origin=inward'}",https://api.elsevier.com/content/abstract/scopus_id/85123730675,SCOPUS_ID:85123730675,2-s2.0-85123730675,FastMDE: A Fast CNN Architecture for Monocular Depth Estimation at High Resolution,Dao T.T.,IEEE Access,21693536,,,,2022-01-01,2022,10.1109/ACCESS.2022.3145969,0,"[{'@_fa': 'true', 'affilname': 'Pusan National University', 'affiliation-city': 'Busan', 'affiliation-country': 'South Korea'}]",,Journal,ar,Article,,21100374601,1,True,"{'value': [{'$': 'all'}, {'$': 'publisherfullgold'}]}","{'value': [{'$': 'All Open Access'}, {'$': 'Gold'}]}",,,
true,"{'self': 'https://api.elsevier.com/content/abstract/scopus_id/85123487989', 'author-affiliation': 'https://api.elsevier.com/content/abstract/scopus_id/85123487989?field=author,affiliation', 'scopus': 'https://www.scopus.com/inward/record.uri?partnerID=HzOxMe3b&scp=85123487989&origin=inward', 'scopus-citedby': 'https://www.scopus.com/inward/citedby.uri?partnerID=HzOxMe3b&scp=85123487989&origin=inward'}",https://api.elsevier.com/content/abstract/scopus_id/85123487989,SCOPUS_ID:85123487989,2-s2.0-85123487989,A visual tool for monitoring and detecting anomalies in robot performance,Basurto N.,Pattern Analysis and Applications,1433755X,,,,2022-01-01,2022,10.1007/s10044-021-01053-0,0,"[{'@_fa': 'true', 'affilname': 'Universidad de Burgos', 'affiliation-city': 'Burgos', 'affiliation-country': 'Spain'}]",,Journal,ar,Article,,24822,1,True,"{'value': [{'$': 'all'}, {'$': 'publisherhybridgold'}]}","{'value': [{'$': 'All Open Access'}, {'$': 'Hybrid Gold'}]}",14337541,,
true,"{'self': 'https://api.elsevier.com/content/abstract/scopus_id/85123433998', 'author-affiliation': 'https://api.elsevier.com/content/abstract/scopus_id/85123433998?field=author,affiliation', 'scopus': 'https://www.scopus.com/inward/record.uri?partnerID=HzOxMe3b&scp=85123433998&origin=inward', 'scopus-citedby': 'https://www.scopus.com/inward/citedby.uri?partnerID=HzOxMe3b&scp=85123433998&origin=inward'}",https://api.elsevier.com/content/abstract/scopus_id/85123433998,SCOPUS_ID:85123433998,2-s2.0-85123433998,"15th International Conference Dynamical Systems: Theory and Applications, DSTA, 2019",,Springer Proceedings in Mathematics and Statistics,21941017,362,,,2022-01-01,2022,,0,,,Conference Proceeding,cr,Conference Review,,21100255398,0,False,,,21941009,,"[{'@_fa': 'true', '$': '9783030773052'}]"
true,"{'self': 'https://api.elsevier.com/content/abstract/scopus_id/85123430801', 'author-affiliation': 'https://api.elsevier.com/content/abstract/scopus_id/85123430801?field=author,affiliation', 'scopus': 'https://www.scopus.com/inward/record.uri?partnerID=HzOxMe3b&scp=85123430801&origin=inward', 'scopus-citedby': 'https://www.scopus.com/inward/citedby.uri?partnerID=HzOxMe3b&scp=85123430801&origin=inward'}",https://api.elsevier.com/content/abstract/scopus_id/85123430801,SCOPUS_ID:85123430801,2-s2.0-85123430801,MoveRL: To a Safer Robotic Reinforcement Learning Environment,Liu G.,Communications in Computer and Information Science,18650937,1530 CCIS,,239-253,2022-01-01,2022,10.1007/978-3-030-93842-0_14,0,"[{'@_fa': 'true', 'affilname': 'Vrije Universiteit Brussel', 'affiliation-city': 'Brussels', 'affiliation-country': 'Belgium'}]",,Book Series,cp,Conference Paper,,17700155007,0,False,,,18650929,,"[{'@_fa': 'true', '$': '9783030938413'}]"
true,"{'self': 'https://api.elsevier.com/content/abstract/scopus_id/85123416699', 'author-affiliation': 'https://api.elsevier.com/content/abstract/scopus_id/85123416699?field=author,affiliation', 'scopus': 'https://www.scopus.com/inward/record.uri?partnerID=HzOxMe3b&scp=85123416699&origin=inward', 'scopus-citedby': 'https://www.scopus.com/inward/citedby.uri?partnerID=HzOxMe3b&scp=85123416699&origin=inward'}",https://api.elsevier.com/content/abstract/scopus_id/85123416699,SCOPUS_ID:85123416699,2-s2.0-85123416699,"International Conference on Inventive Communication and Computational Technologies, ICICCT 2021",,Lecture Notes in Networks and Systems,23673389,311,,,2022-01-01,2022,,0,,,Book Series,cr,Conference Review,,21100901469,0,False,,,23673370,,"[{'@_fa': 'true', '$': '9789811655289'}]"
true,"{'self': 'https://api.elsevier.com/content/abstract/scopus_id/85123317568', 'author-affiliation': 'https://api.elsevier.com/content/abstract/scopus_id/85123317568?field=author,affiliation', 'scopus': 'https://www.scopus.com/inward/record.uri?partnerID=HzOxMe3b&scp=85123317568&origin=inward', 'scopus-citedby': 'https://www.scopus.com/inward/citedby.uri?partnerID=HzOxMe3b&scp=85123317568&origin=inward'}",https://api.elsevier.com/content/abstract/scopus_id/85123317568,SCOPUS_ID:85123317568,2-s2.0-85123317568,Seven Defining Features of Terahertz (THz) Wireless Systems: A Fellowship of Communication and Sensing,Chaccour C.,IEEE Communications Surveys and Tutorials,1553877X,,,,2022-01-01,2022,10.1109/COMST.2022.3143454,0,"[{'@_fa': 'true', 'affilname': 'Virginia Polytechnic Institute and State University', 'affiliation-city': 'Blacksburg', 'affiliation-country': 'United States'}]",,Journal,ar,Article,,17900156715,0,False,"{'value': [{'$': 'all'}, {'$': 'repository'}, {'$': 'repositoryam'}]}","{'value': [{'$': 'All Open Access'}, {'$': 'Green'}]}",,,
true,"{'self': 'https://api.elsevier.com/content/abstract/scopus_id/85123308180', 'author-affiliation': 'https://api.elsevier.com/content/abstract/scopus_id/85123308180?field=author,affiliation', 'scopus': 'https://www.scopus.com/inward/record.uri?partnerID=HzOxMe3b&scp=85123308180&origin=inward', 'scopus-citedby': 'https://www.scopus.com/inward/citedby.uri?partnerID=HzOxMe3b&scp=85123308180&origin=inward'}",https://api.elsevier.com/content/abstract/scopus_id/85123308180,SCOPUS_ID:85123308180,2-s2.0-85123308180,Home Security System Using RaspberryPi,Banerjee P.,Lecture Notes in Electrical Engineering,18761119,820,,167-176,2022-01-01,2022,10.1007/978-981-16-7274-3_14,0,"[{'@_fa': 'true', 'affilname': 'RCC Institute of Information Technology', 'affiliation-city': 'Kolkata', 'affiliation-country': 'India'}]",,Book Series,cp,Conference Paper,,19700186822,0,False,,,18761100,,"[{'@_fa': 'true', '$': '9789811672736'}]"
true,"{'self': 'https://api.elsevier.com/content/abstract/scopus_id/85123304786', 'author-affiliation': 'https://api.elsevier.com/content/abstract/scopus_id/85123304786?field=author,affiliation', 'scopus': 'https://www.scopus.com/inward/record.uri?partnerID=HzOxMe3b&scp=85123304786&origin=inward', 'scopus-citedby': 'https://www.scopus.com/inward/citedby.uri?partnerID=HzOxMe3b&scp=85123304786&origin=inward'}",https://api.elsevier.com/content/abstract/scopus_id/85123304786,SCOPUS_ID:85123304786,2-s2.0-85123304786,Robust Model for Rural Education Using Deep Learning and Robotics,Iyer S.,Lecture Notes in Networks and Systems,23673389,249,,175-182,2022-01-01,2022,10.1007/978-3-030-85365-5_17,0,"[{'@_fa': 'true', 'affilname': 'Rai University', 'affiliation-city': 'Saroda Village, Ahmedabad', 'affiliation-country': 'India'}]",,Book Series,cp,Conference Paper,,21100901469,0,False,,,23673370,,"[{'@_fa': 'true', '$': '9783030853648'}]"
true,"{'self': 'https://api.elsevier.com/content/abstract/scopus_id/85123296333', 'author-affiliation': 'https://api.elsevier.com/content/abstract/scopus_id/85123296333?field=author,affiliation', 'scopus': 'https://www.scopus.com/inward/record.uri?partnerID=HzOxMe3b&scp=85123296333&origin=inward', 'scopus-citedby': 'https://www.scopus.com/inward/citedby.uri?partnerID=HzOxMe3b&scp=85123296333&origin=inward'}",https://api.elsevier.com/content/abstract/scopus_id/85123296333,SCOPUS_ID:85123296333,2-s2.0-85123296333,Intelligent Radio Resource Allocation for Human-Robot Collaboration,Feng Y.,IEEE Open Journal of the Communications Society,2644125X,3,,144-158,2022-01-01,2022,10.1109/OJCOMS.2022.3141201,0,"[{'@_fa': 'true', 'affilname': 'University of Melbourne', 'affiliation-city': 'Parkville', 'affiliation-country': 'Australia'}]",,Journal,ar,Article,,21101070921,1,True,"{'value': [{'$': 'all'}, {'$': 'publisherfullgold'}]}","{'value': [{'$': 'All Open Access'}, {'$': 'Gold'}]}",,,
true,"{'self': 'https://api.elsevier.com/content/abstract/scopus_id/85123277117', 'author-affiliation': 'https://api.elsevier.com/content/abstract/scopus_id/85123277117?field=author,affiliation', 'scopus': 'https://www.scopus.com/inward/record.uri?partnerID=HzOxMe3b&scp=85123277117&origin=inward', 'scopus-citedby': 'https://www.scopus.com/inward/citedby.uri?partnerID=HzOxMe3b&scp=85123277117&origin=inward'}",https://api.elsevier.com/content/abstract/scopus_id/85123277117,SCOPUS_ID:85123277117,2-s2.0-85123277117,"5th World Conference on Smart Trends in Systems Security and Sustainability, WS4 2021",,Lecture Notes in Networks and Systems,23673389,333,,,2022-01-01,2022,,0,,,Book Series,cr,Conference Review,,21100901469,0,False,,,23673370,,"[{'@_fa': 'true', '$': '9789811663086'}]"
true,"{'self': 'https://api.elsevier.com/content/abstract/scopus_id/85122883066', 'author-affiliation': 'https://api.elsevier.com/content/abstract/scopus_id/85122883066?field=author,affiliation', 'scopus': 'https://www.scopus.com/inward/record.uri?partnerID=HzOxMe3b&scp=85122883066&origin=inward', 'scopus-citedby': 'https://www.scopus.com/inward/citedby.uri?partnerID=HzOxMe3b&scp=85122883066&origin=inward'}",https://api.elsevier.com/content/abstract/scopus_id/85122883066,SCOPUS_ID:85122883066,2-s2.0-85122883066,Evaluation of Collaborative Robot Sustainable Integration in Manufacturing Assembly by Using Process Time Savings,Calvo R.,Materials,19961944,15,2,,2022-01-01,January-2 2022,10.3390/ma15020611,0,"[{'@_fa': 'true', 'affilname': 'Escuela Técnica Superior de Ingeniería y Diseño Industrial', 'affiliation-city': 'Madrid', 'affiliation-country': 'Spain'}]",,Journal,ar,Article,611,76627,1,True,"{'value': [{'$': 'all'}, {'$': 'publisherfullgold'}, {'$': 'repository'}, {'$': 'repositoryam'}]}","{'value': [{'$': 'All Open Access'}, {'$': 'Gold'}, {'$': 'Green'}]}",,,
true,"{'self': 'https://api.elsevier.com/content/abstract/scopus_id/85122849089', 'author-affiliation': 'https://api.elsevier.com/content/abstract/scopus_id/85122849089?field=author,affiliation', 'scopus': 'https://www.scopus.com/inward/record.uri?partnerID=HzOxMe3b&scp=85122849089&origin=inward', 'scopus-citedby': 'https://www.scopus.com/inward/citedby.uri?partnerID=HzOxMe3b&scp=85122849089&origin=inward'}",https://api.elsevier.com/content/abstract/scopus_id/85122849089,SCOPUS_ID:85122849089,2-s2.0-85122849089,"A Real-Time Zanthoxylum Target Detection Method for an Intelligent Picking Robot under a Complex Background, Based on an Improved YOLOv5s Architecture",Xu Z.,Sensors,,22,2,,2022-01-01,January-2 2022,10.3390/s22020682,0,"[{'@_fa': 'true', 'affilname': 'Gansu Agricultural University', 'affiliation-city': 'Lanzhou', 'affiliation-country': 'China'}]",35062643,Journal,ar,Article,682,130124,1,True,"{'value': [{'$': 'all'}, {'$': 'publisherfullgold'}, {'$': 'repository'}, {'$': 'repositoryam'}]}","{'value': [{'$': 'All Open Access'}, {'$': 'Gold'}, {'$': 'Green'}]}",14248220,,
true,"{'self': 'https://api.elsevier.com/content/abstract/scopus_id/85122746182', 'author-affiliation': 'https://api.elsevier.com/content/abstract/scopus_id/85122746182?field=author,affiliation', 'scopus': 'https://www.scopus.com/inward/record.uri?partnerID=HzOxMe3b&scp=85122746182&origin=inward', 'scopus-citedby': 'https://www.scopus.com/inward/citedby.uri?partnerID=HzOxMe3b&scp=85122746182&origin=inward'}",https://api.elsevier.com/content/abstract/scopus_id/85122746182,SCOPUS_ID:85122746182,2-s2.0-85122746182,Exploration of IoT Nodes Communication Using LoRaWAN in Forest Environment,Sharma A.,"Computers, Materials and Continua",15462226,71,2,6240-6256,2022-01-01,2022,10.32604/cmc.2022.024639,0,"[{'@_fa': 'true', 'affilname': 'Chandigarh University', 'affiliation-city': 'Mohali', 'affiliation-country': 'India'}]",,Journal,ar,Article,,24364,1,True,"{'value': [{'$': 'all'}, {'$': 'publisherfullgold'}]}","{'value': [{'$': 'All Open Access'}, {'$': 'Gold'}]}",15462218,,
true,"{'self': 'https://api.elsevier.com/content/abstract/scopus_id/85122706625', 'author-affiliation': 'https://api.elsevier.com/content/abstract/scopus_id/85122706625?field=author,affiliation', 'scopus': 'https://www.scopus.com/inward/record.uri?partnerID=HzOxMe3b&scp=85122706625&origin=inward', 'scopus-citedby': 'https://www.scopus.com/inward/citedby.uri?partnerID=HzOxMe3b&scp=85122706625&origin=inward'}",https://api.elsevier.com/content/abstract/scopus_id/85122706625,SCOPUS_ID:85122706625,2-s2.0-85122706625,360 <sup>∘</sup> real-time and power-efficient 3D DAMOT for autonomous driving applications,Gómez-Huélamo C.,Multimedia Tools and Applications,15737721,,,,2022-01-01,2022,10.1007/s11042-021-11624-2,0,"[{'@_fa': 'true', 'affilname': 'Universidad de Alcalá', 'affiliation-city': 'Alcala de Henares', 'affiliation-country': 'Spain'}]",,Journal,ar,Article,,25627,1,True,"{'value': [{'$': 'all'}, {'$': 'publisherhybridgold'}]}","{'value': [{'$': 'All Open Access'}, {'$': 'Hybrid Gold'}]}",13807501,,
true,"{'self': 'https://api.elsevier.com/content/abstract/scopus_id/85122584541', 'author-affiliation': 'https://api.elsevier.com/content/abstract/scopus_id/85122584541?field=author,affiliation', 'scopus': 'https://www.scopus.com/inward/record.uri?partnerID=HzOxMe3b&scp=85122584541&origin=inward', 'scopus-citedby': 'https://www.scopus.com/inward/citedby.uri?partnerID=HzOxMe3b&scp=85122584541&origin=inward'}",https://api.elsevier.com/content/abstract/scopus_id/85122584541,SCOPUS_ID:85122584541,2-s2.0-85122584541,Fuzzy Logic-Driven Variable Time-Scale Prediction-Based Reinforcement Learning for Robotic Multiple Peg-in-Hole Assembly,Hou Z.,IEEE Transactions on Automation Science and Engineering,15583783,19,1,218-229,2022-01-01,1 January 2022,10.1109/TASE.2020.3024725,1,"[{'@_fa': 'true', 'affilname': 'Tsinghua University', 'affiliation-city': 'Beijing', 'affiliation-country': 'China'}]",,Journal,ar,Article,,17340,0,False,,,15455955,,
true,"{'self': 'https://api.elsevier.com/content/abstract/scopus_id/85122561933', 'author-affiliation': 'https://api.elsevier.com/content/abstract/scopus_id/85122561933?field=author,affiliation', 'scopus': 'https://www.scopus.com/inward/record.uri?partnerID=HzOxMe3b&scp=85122561933&origin=inward', 'scopus-citedby': 'https://www.scopus.com/inward/citedby.uri?partnerID=HzOxMe3b&scp=85122561933&origin=inward'}",https://api.elsevier.com/content/abstract/scopus_id/85122561933,SCOPUS_ID:85122561933,2-s2.0-85122561933,COORP: Satisfying Low-Latency and High-Throughput Requirements of Wireless Network for Coordinated Robotic Learning,Deng S.,IEEE Internet of Things Journal,23274662,,,,2022-01-01,2022,10.1109/JIOT.2022.3140400,0,"[{'@_fa': 'true', 'affilname': 'The University of Hong Kong', 'affiliation-city': 'Pokfulam', 'affiliation-country': 'Hong Kong'}]",,Journal,ar,Article,,21100338350,0,False,,,,,
true,"{'self': 'https://api.elsevier.com/content/abstract/scopus_id/85122561199', 'author-affiliation': 'https://api.elsevier.com/content/abstract/scopus_id/85122561199?field=author,affiliation', 'scopus': 'https://www.scopus.com/inward/record.uri?partnerID=HzOxMe3b&scp=85122561199&origin=inward', 'scopus-citedby': 'https://www.scopus.com/inward/citedby.uri?partnerID=HzOxMe3b&scp=85122561199&origin=inward'}",https://api.elsevier.com/content/abstract/scopus_id/85122561199,SCOPUS_ID:85122561199,2-s2.0-85122561199,Efficient FPGA Parallelization of Lipschitz Interpolation for Real-Time Decision-Making,Nadales J.M.,IEEE Transactions on Control Systems Technology,15580865,,,,2022-01-01,2022,10.1109/TCST.2021.3136616,0,"[{'@_fa': 'true', 'affilname': 'Universidad de Sevilla', 'affiliation-city': 'Sevilla', 'affiliation-country': 'Spain'}]",,Journal,ar,Article,,17342,0,False,,,10636536,,
true,"{'self': 'https://api.elsevier.com/content/abstract/scopus_id/85122516656', 'author-affiliation': 'https://api.elsevier.com/content/abstract/scopus_id/85122516656?field=author,affiliation', 'scopus': 'https://www.scopus.com/inward/record.uri?partnerID=HzOxMe3b&scp=85122516656&origin=inward', 'scopus-citedby': 'https://www.scopus.com/inward/citedby.uri?partnerID=HzOxMe3b&scp=85122516656&origin=inward'}",https://api.elsevier.com/content/abstract/scopus_id/85122516656,SCOPUS_ID:85122516656,2-s2.0-85122516656,Physics-Based Graphics Models in 3D Synthetic Environments as Autonomous Vision-Based Inspection Testbeds,Hoskere V.,Sensors,,22,2,,2022-01-01,January-2 2022,10.3390/s22020532,1,"[{'@_fa': 'true', 'affilname': 'University of Houston', 'affiliation-city': 'Houston', 'affiliation-country': 'United States'}]",35062493,Journal,ar,Article,532,130124,1,True,"{'value': [{'$': 'all'}, {'$': 'publisherfullgold'}, {'$': 'repository'}, {'$': 'repositoryam'}]}","{'value': [{'$': 'All Open Access'}, {'$': 'Gold'}, {'$': 'Green'}]}",14248220,,
true,"{'self': 'https://api.elsevier.com/content/abstract/scopus_id/85122508435', 'author-affiliation': 'https://api.elsevier.com/content/abstract/scopus_id/85122508435?field=author,affiliation', 'scopus': 'https://www.scopus.com/inward/record.uri?partnerID=HzOxMe3b&scp=85122508435&origin=inward', 'scopus-citedby': 'https://www.scopus.com/inward/citedby.uri?partnerID=HzOxMe3b&scp=85122508435&origin=inward'}",https://api.elsevier.com/content/abstract/scopus_id/85122508435,SCOPUS_ID:85122508435,2-s2.0-85122508435,Programing a Robotic Ambulance with Virtual Reality,Lavinia A.,IFMBE Proceedings,14339277,88,,344-354,2022-01-01,2022,10.1007/978-3-030-93564-1_38,0,"[{'@_fa': 'true', 'affilname': 'Universitatea de Medicina si Farmacie Iuliu Hatieganu din Cluj-Napoca', 'affiliation-city': 'Cluj Napoca', 'affiliation-country': 'Romania'}]",,Conference Proceeding,cp,Conference Paper,,19400157277,0,False,,,16800737,,"[{'@_fa': 'true', '$': '9783030935634'}]"
true,"{'self': 'https://api.elsevier.com/content/abstract/scopus_id/85122496638', 'author-affiliation': 'https://api.elsevier.com/content/abstract/scopus_id/85122496638?field=author,affiliation', 'scopus': 'https://www.scopus.com/inward/record.uri?partnerID=HzOxMe3b&scp=85122496638&origin=inward', 'scopus-citedby': 'https://www.scopus.com/inward/citedby.uri?partnerID=HzOxMe3b&scp=85122496638&origin=inward'}",https://api.elsevier.com/content/abstract/scopus_id/85122496638,SCOPUS_ID:85122496638,2-s2.0-85122496638,Object manipulation system based on image-based reinforcement learning,Kim S.,Intelligent Service Robotics,18612784,,,,2022-01-01,2022,10.1007/s11370-021-00402-6,0,"[{'@_fa': 'true', 'affilname': 'Korea University', 'affiliation-city': 'Seoul', 'affiliation-country': 'South Korea'}]",,Journal,ar,Article,,9500154152,0,False,,,18612776,,
true,"{'self': 'https://api.elsevier.com/content/abstract/scopus_id/85122495244', 'author-affiliation': 'https://api.elsevier.com/content/abstract/scopus_id/85122495244?field=author,affiliation', 'scopus': 'https://www.scopus.com/inward/record.uri?partnerID=HzOxMe3b&scp=85122495244&origin=inward', 'scopus-citedby': 'https://www.scopus.com/inward/citedby.uri?partnerID=HzOxMe3b&scp=85122495244&origin=inward'}",https://api.elsevier.com/content/abstract/scopus_id/85122495244,SCOPUS_ID:85122495244,2-s2.0-85122495244,Closing the Gap: Combining Task Specification and Reinforcement Learning for Compliant Vegetable Cutting,Padalkar A.,Lecture Notes in Electrical Engineering,18761119,793,,187-206,2022-01-01,2022,10.1007/978-3-030-92442-3_11,0,"[{'@_fa': 'true', 'affilname': 'Deutsches Zentrum fur Luft- Und Raumfahrt', 'affiliation-city': '\xa0Cologne', 'affiliation-country': 'Germany'}]",,Book Series,cp,Conference Paper,,19700186822,0,False,,,18761100,,"[{'@_fa': 'true', '$': '9783030924416'}]"
true,"{'self': 'https://api.elsevier.com/content/abstract/scopus_id/85122427177', 'author-affiliation': 'https://api.elsevier.com/content/abstract/scopus_id/85122427177?field=author,affiliation', 'scopus': 'https://www.scopus.com/inward/record.uri?partnerID=HzOxMe3b&scp=85122427177&origin=inward', 'scopus-citedby': 'https://www.scopus.com/inward/citedby.uri?partnerID=HzOxMe3b&scp=85122427177&origin=inward'}",https://api.elsevier.com/content/abstract/scopus_id/85122427177,SCOPUS_ID:85122427177,2-s2.0-85122427177,Fuzzy Double Deep Q-Network-Based Gait Pattern Controller for Humanoid Robots,Li T.H.S.,IEEE Transactions on Fuzzy Systems,19410034,30,1,147-161,2022-01-01,1 January 2022,10.1109/TFUZZ.2020.3033141,0,"[{'@_fa': 'true', 'affilname': 'National Cheng Kung University', 'affiliation-city': 'Tainan', 'affiliation-country': 'Taiwan'}]",,Journal,ar,Article,,24242,0,False,,,10636706,,
true,"{'self': 'https://api.elsevier.com/content/abstract/scopus_id/85122176617', 'author-affiliation': 'https://api.elsevier.com/content/abstract/scopus_id/85122176617?field=author,affiliation', 'scopus': 'https://www.scopus.com/inward/record.uri?partnerID=HzOxMe3b&scp=85122176617&origin=inward', 'scopus-citedby': 'https://www.scopus.com/inward/citedby.uri?partnerID=HzOxMe3b&scp=85122176617&origin=inward'}",https://api.elsevier.com/content/abstract/scopus_id/85122176617,SCOPUS_ID:85122176617,2-s2.0-85122176617,Steering a Robotic Wheelchair Based on Voice Recognition System Using Convolutional Neural Networks,Bakouri M.,Electronics (Switzerland),20799292,11,1,,2022-01-01,January-1 2022,10.3390/electronics11010168,0,"[{'@_fa': 'true', 'affilname': 'Majmaah University', 'affiliation-city': 'Al-Majmaah', 'affiliation-country': 'Saudi Arabia'}, {'@_fa': 'true', 'affilname': 'Sebha University', 'affiliation-city': 'Sebha', 'affiliation-country': 'Libyan Arab Jamahiriya'}]",,Journal,ar,Article,168,21100829272,1,True,"{'value': [{'$': 'all'}, {'$': 'publisherfullgold'}]}","{'value': [{'$': 'All Open Access'}, {'$': 'Gold'}]}",,,
true,"{'self': 'https://api.elsevier.com/content/abstract/scopus_id/85121968187', 'author-affiliation': 'https://api.elsevier.com/content/abstract/scopus_id/85121968187?field=author,affiliation', 'scopus': 'https://www.scopus.com/inward/record.uri?partnerID=HzOxMe3b&scp=85121968187&origin=inward', 'scopus-citedby': 'https://www.scopus.com/inward/citedby.uri?partnerID=HzOxMe3b&scp=85121968187&origin=inward', 'full-text': 'https://api.elsevier.com/content/article/eid/1-s2.0-S2352711021001837'}",https://api.elsevier.com/content/abstract/scopus_id/85121968187,SCOPUS_ID:85121968187,2-s2.0-85121968187,tx2_fcnn_node: An open-source ROS compatible tool for monocular depth reconstruction,Muravyev K.,SoftwareX,23527110,17,,,2022-01-01,January 2022,10.1016/j.softx.2021.100956,0,"[{'@_fa': 'true', 'affilname': 'Federal Research Center Informatics and Management of the Russian Academy of Sciences', 'affiliation-city': 'Moscow', 'affiliation-country': 'Russian Federation'}]",,Journal,ar,Article,100956,21100422153,1,True,"{'value': [{'$': 'all'}, {'$': 'publisherfullgold'}]}","{'value': [{'$': 'All Open Access'}, {'$': 'Gold'}]}",,S2352711021001837,
true,"{'self': 'https://api.elsevier.com/content/abstract/scopus_id/85120525249', 'author-affiliation': 'https://api.elsevier.com/content/abstract/scopus_id/85120525249?field=author,affiliation', 'scopus': 'https://www.scopus.com/inward/record.uri?partnerID=HzOxMe3b&scp=85120525249&origin=inward', 'scopus-citedby': 'https://www.scopus.com/inward/citedby.uri?partnerID=HzOxMe3b&scp=85120525249&origin=inward'}",https://api.elsevier.com/content/abstract/scopus_id/85120525249,SCOPUS_ID:85120525249,2-s2.0-85120525249,Developments in Agriculture Technology Using Internet of Things,Sucharitha G.,EAI/Springer Innovations in Communication and Computing,25228609,,,341-360,2022-01-01,2022,10.1007/978-3-030-77528-5_18,0,"[{'@_fa': 'true', 'affilname': 'Institute of Aeronautical Engineering, Hyderabad', 'affiliation-city': 'Hyderabad', 'affiliation-country': 'India'}]",,Book Series,ch,Book Chapter,,21101019713,0,False,,,25228595,,
true,"{'self': 'https://api.elsevier.com/content/abstract/scopus_id/85118998006', 'author-affiliation': 'https://api.elsevier.com/content/abstract/scopus_id/85118998006?field=author,affiliation', 'scopus': 'https://www.scopus.com/inward/record.uri?partnerID=HzOxMe3b&scp=85118998006&origin=inward', 'scopus-citedby': 'https://www.scopus.com/inward/citedby.uri?partnerID=HzOxMe3b&scp=85118998006&origin=inward'}",https://api.elsevier.com/content/abstract/scopus_id/85118998006,SCOPUS_ID:85118998006,2-s2.0-85118998006,Using fuzzy logic control system as an artificial intelligence tool to design soap bubbles robot as a type of interactive games,Lashin M.M.A.,Information Sciences Letters,2090956X,11,1,15-19,2022-01-01,January 2022,10.18576/isl/110103,0,"[{'@_fa': 'true', 'affilname': 'Princess Nourah bint Abdulrahman University', 'affiliation-city': 'Riyadh', 'affiliation-country': 'Saudi Arabia'}]",,Journal,ar,Article,,21100970313,0,False,,,20909551,,
true,"{'self': 'https://api.elsevier.com/content/abstract/scopus_id/85118989490', 'author-affiliation': 'https://api.elsevier.com/content/abstract/scopus_id/85118989490?field=author,affiliation', 'scopus': 'https://www.scopus.com/inward/record.uri?partnerID=HzOxMe3b&scp=85118989490&origin=inward', 'scopus-citedby': 'https://www.scopus.com/inward/citedby.uri?partnerID=HzOxMe3b&scp=85118989490&origin=inward', 'full-text': 'https://api.elsevier.com/content/article/eid/1-s2.0-S0005109821005331'}",https://api.elsevier.com/content/abstract/scopus_id/85118989490,SCOPUS_ID:85118989490,2-s2.0-85118989490,An analytic layer-wise deep learning framework with applications to robotics,Nguyen H.T.,Automatica,,135,,,2022-01-01,January 2022,10.1016/j.automatica.2021.110007,0,"[{'@_fa': 'true', 'affilname': 'School of Electrical and Electronic Engineering', 'affiliation-city': 'Singapore City', 'affiliation-country': 'Singapore'}]",,Journal,ar,Article,110007,24909,1,True,"{'value': [{'$': 'all'}, {'$': 'publisherfree2read'}, {'$': 'repository'}, {'$': 'repositoryam'}]}","{'value': [{'$': 'All Open Access'}, {'$': 'Bronze'}, {'$': 'Green'}]}",00051098,S0005109821005331,
true,"{'self': 'https://api.elsevier.com/content/abstract/scopus_id/85118200730', 'author-affiliation': 'https://api.elsevier.com/content/abstract/scopus_id/85118200730?field=author,affiliation', 'scopus': 'https://www.scopus.com/inward/record.uri?partnerID=HzOxMe3b&scp=85118200730&origin=inward', 'scopus-citedby': 'https://www.scopus.com/inward/citedby.uri?partnerID=HzOxMe3b&scp=85118200730&origin=inward'}",https://api.elsevier.com/content/abstract/scopus_id/85118200730,SCOPUS_ID:85118200730,2-s2.0-85118200730,Distributed Predictive Drone Swarms in Cluttered Environments,Soria E.,IEEE Robotics and Automation Letters,23773766,7,1,73-80,2022-01-01,1 January 2022,10.1109/LRA.2021.3118091,0,"[{'@_fa': 'true', 'affilname': 'Ecole Polytechnique Fédérale de Lausanne', 'affiliation-city': 'Lausanne', 'affiliation-country': 'Switzerland'}]",,Journal,ar,Article,,21100900379,1,True,"{'value': [{'$': 'all'}, {'$': 'publisherhybridgold'}, {'$': 'repository'}, {'$': 'repositoryam'}]}","{'value': [{'$': 'All Open Access'}, {'$': 'Hybrid Gold'}, {'$': 'Green'}]}",,,
true,"{'self': 'https://api.elsevier.com/content/abstract/scopus_id/85118104144', 'author-affiliation': 'https://api.elsevier.com/content/abstract/scopus_id/85118104144?field=author,affiliation', 'scopus': 'https://www.scopus.com/inward/record.uri?partnerID=HzOxMe3b&scp=85118104144&origin=inward', 'scopus-citedby': 'https://www.scopus.com/inward/citedby.uri?partnerID=HzOxMe3b&scp=85118104144&origin=inward', 'full-text': 'https://api.elsevier.com/content/article/eid/1-s2.0-S0952197621003626'}",https://api.elsevier.com/content/abstract/scopus_id/85118104144,SCOPUS_ID:85118104144,2-s2.0-85118104144,Instance-based defense against adversarial attacks in Deep Reinforcement Learning,García J.,Engineering Applications of Artificial Intelligence,,107,,,2022-01-01,January 2022,10.1016/j.engappai.2021.104514,0,"[{'@_fa': 'true', 'affilname': 'Universidad Carlos III de Madrid', 'affiliation-city': 'Madrid', 'affiliation-country': 'Spain'}]",,Journal,ar,Article,104514,24182,0,False,,,09521976,S0952197621003626,
true,"{'self': 'https://api.elsevier.com/content/abstract/scopus_id/85118098361', 'author-affiliation': 'https://api.elsevier.com/content/abstract/scopus_id/85118098361?field=author,affiliation', 'scopus': 'https://www.scopus.com/inward/record.uri?partnerID=HzOxMe3b&scp=85118098361&origin=inward', 'scopus-citedby': 'https://www.scopus.com/inward/citedby.uri?partnerID=HzOxMe3b&scp=85118098361&origin=inward'}",https://api.elsevier.com/content/abstract/scopus_id/85118098361,SCOPUS_ID:85118098361,2-s2.0-85118098361,Application Barrier-Free Deep Reinforcement Learning-Based Navigation in Mapless Environment,Yu J.,Lecture Notes in Electrical Engineering,18761119,804 LNEE,,643-653,2022-01-01,2022,10.1007/978-981-16-6324-6_65,0,"[{'@_fa': 'true', 'affilname': 'Beijing Institute of Technology', 'affiliation-city': 'Beijing', 'affiliation-country': 'China'}]",,Book Series,cp,Conference Paper,,19700186822,0,False,,,18761100,,"[{'@_fa': 'true', '$': '9789811663239'}]"
true,"{'self': 'https://api.elsevier.com/content/abstract/scopus_id/85116878767', 'author-affiliation': 'https://api.elsevier.com/content/abstract/scopus_id/85116878767?field=author,affiliation', 'scopus': 'https://www.scopus.com/inward/record.uri?partnerID=HzOxMe3b&scp=85116878767&origin=inward', 'scopus-citedby': 'https://www.scopus.com/inward/citedby.uri?partnerID=HzOxMe3b&scp=85116878767&origin=inward'}",https://api.elsevier.com/content/abstract/scopus_id/85116878767,SCOPUS_ID:85116878767,2-s2.0-85116878767,"Holding, Grasping and Sensing of Prosthetic Robot Arm Like a Real Human Hand, a Journey Beyond Limits: An Extensive Review",Babu D.,Lecture Notes in Mechanical Engineering,21954364,,,485-504,2022-01-01,2022,10.1007/978-981-16-4115-2_39,0,"[{'@_fa': 'true', 'affilname': 'Universiti Malaysia Pahang', 'affiliation-city': 'Pekan', 'affiliation-country': 'Malaysia'}]",,Book Series,cp,Conference Paper,,21100431311,0,False,,,21954356,,"[{'@_fa': 'true', '$': '9789811641145'}]"
true,"{'self': 'https://api.elsevier.com/content/abstract/scopus_id/85116877007', 'author-affiliation': 'https://api.elsevier.com/content/abstract/scopus_id/85116877007?field=author,affiliation', 'scopus': 'https://www.scopus.com/inward/record.uri?partnerID=HzOxMe3b&scp=85116877007&origin=inward', 'scopus-citedby': 'https://www.scopus.com/inward/citedby.uri?partnerID=HzOxMe3b&scp=85116877007&origin=inward'}",https://api.elsevier.com/content/abstract/scopus_id/85116877007,SCOPUS_ID:85116877007,2-s2.0-85116877007,Sim2real Learning of Obstacle Avoidance for Robotic Manipulators in Uncertain Environments,Zhang T.,IEEE Robotics and Automation Letters,23773766,7,1,65-72,2022-01-01,1 January 2022,10.1109/LRA.2021.3116700,0,"[{'@_fa': 'true', 'affilname': 'Shenzhen Technology University', 'affiliation-city': 'Shenzhen', 'affiliation-country': 'China'}]",,Journal,ar,Article,,21100900379,0,False,,,,,
true,"{'self': 'https://api.elsevier.com/content/abstract/scopus_id/85116868915', 'author-affiliation': 'https://api.elsevier.com/content/abstract/scopus_id/85116868915?field=author,affiliation', 'scopus': 'https://www.scopus.com/inward/record.uri?partnerID=HzOxMe3b&scp=85116868915&origin=inward', 'scopus-citedby': 'https://www.scopus.com/inward/citedby.uri?partnerID=HzOxMe3b&scp=85116868915&origin=inward'}",https://api.elsevier.com/content/abstract/scopus_id/85116868915,SCOPUS_ID:85116868915,2-s2.0-85116868915,Legal Mechanisms for Protecting the Rights of Economic Entities in the Conditions of Development Penetrative Technologies,Antonova N.V.,"Smart Innovation, Systems and Technologies",21903026,254,,111-120,2022-01-01,2022,10.1007/978-981-16-4621-8_9,0,"[{'@_fa': 'true', 'affilname': 'The Institute of Legislation and Comparative Law under the Government of the Russian Federation', 'affiliation-city': 'Moscow', 'affiliation-country': 'Russian Federation'}]",,Book Series,ch,Book Chapter,,21100204111,0,False,,,21903018,,
true,"{'self': 'https://api.elsevier.com/content/abstract/scopus_id/85115686894', 'author-affiliation': 'https://api.elsevier.com/content/abstract/scopus_id/85115686894?field=author,affiliation', 'scopus': 'https://www.scopus.com/inward/record.uri?partnerID=HzOxMe3b&scp=85115686894&origin=inward', 'scopus-citedby': 'https://www.scopus.com/inward/citedby.uri?partnerID=HzOxMe3b&scp=85115686894&origin=inward'}",https://api.elsevier.com/content/abstract/scopus_id/85115686894,SCOPUS_ID:85115686894,2-s2.0-85115686894,Object Recognition and Classification for Robotics Using Virtualization and AI Acceleration on Cloud and Edge,Patil A.,Lecture Notes on Data Engineering and Communications Technologies,23674520,71,,129-140,2022-01-01,2022,10.1007/978-981-16-2937-2_10,0,"[{'@_fa': 'true', 'affilname': 'MKSSS’s Cummins College of Engineering for Women', 'affiliation-city': 'Pune', 'affiliation-country': 'India'}]",,Book Series,ch,Book Chapter,,21100975545,0,False,,,23674512,,
true,"{'self': 'https://api.elsevier.com/content/abstract/scopus_id/85115634116', 'author-affiliation': 'https://api.elsevier.com/content/abstract/scopus_id/85115634116?field=author,affiliation', 'scopus': 'https://www.scopus.com/inward/record.uri?partnerID=HzOxMe3b&scp=85115634116&origin=inward', 'scopus-citedby': 'https://www.scopus.com/inward/citedby.uri?partnerID=HzOxMe3b&scp=85115634116&origin=inward'}",https://api.elsevier.com/content/abstract/scopus_id/85115634116,SCOPUS_ID:85115634116,2-s2.0-85115634116,"5th International Virtual Conference on Human Interaction and Emerging Technologies, IHIET 2021 and 6th International Conference on Human Interaction and Emerging Technologies: Future Systems, IHIET-FS 2021",,Lecture Notes in Networks and Systems,23673389,319,,,2022-01-01,2022,,0,,,Book Series,cr,Conference Review,,21100901469,0,False,,,23673370,,"[{'@_fa': 'true', '$': '9783030855390'}]"
true,"{'self': 'https://api.elsevier.com/content/abstract/scopus_id/85115177047', 'author-affiliation': 'https://api.elsevier.com/content/abstract/scopus_id/85115177047?field=author,affiliation', 'scopus': 'https://www.scopus.com/inward/record.uri?partnerID=HzOxMe3b&scp=85115177047&origin=inward', 'scopus-citedby': 'https://www.scopus.com/inward/citedby.uri?partnerID=HzOxMe3b&scp=85115177047&origin=inward'}",https://api.elsevier.com/content/abstract/scopus_id/85115177047,SCOPUS_ID:85115177047,2-s2.0-85115177047,PEFL: Deep Privacy-Encoding-Based Federated Learning Framework for Smart Agriculture,Kumar P.,IEEE Micro,19374143,42,1,33-40,2022-01-01,2022,10.1109/MM.2021.3112476,0,"[{'@_fa': 'true', 'affilname': 'National Institute of Technology Raipur', 'affiliation-city': 'Raipur', 'affiliation-country': 'India'}]",,Journal,ar,Article,,15463,0,False,,,02721732,,
true,"{'self': 'https://api.elsevier.com/content/abstract/scopus_id/85115159773', 'author-affiliation': 'https://api.elsevier.com/content/abstract/scopus_id/85115159773?field=author,affiliation', 'scopus': 'https://www.scopus.com/inward/record.uri?partnerID=HzOxMe3b&scp=85115159773&origin=inward', 'scopus-citedby': 'https://www.scopus.com/inward/citedby.uri?partnerID=HzOxMe3b&scp=85115159773&origin=inward'}",https://api.elsevier.com/content/abstract/scopus_id/85115159773,SCOPUS_ID:85115159773,2-s2.0-85115159773,Agritech Startup Ecosystem in Ukraine: Ideas and Realization,Babenko V.,Lecture Notes in Networks and Systems,23673389,224,,311-322,2022-01-01,2022,10.1007/978-981-16-2275-5_19,1,"[{'@_fa': 'true', 'affilname': 'Kharkiv National University', 'affiliation-city': 'Kharkiv', 'affiliation-country': 'Ukraine'}]",,Book Series,cp,Conference Paper,,21100901469,0,False,,,23673370,,"[{'@_fa': 'true', '$': '9789811622748'}]"
true,"{'self': 'https://api.elsevier.com/content/abstract/scopus_id/85115158216', 'author-affiliation': 'https://api.elsevier.com/content/abstract/scopus_id/85115158216?field=author,affiliation', 'scopus': 'https://www.scopus.com/inward/record.uri?partnerID=HzOxMe3b&scp=85115158216&origin=inward', 'scopus-citedby': 'https://www.scopus.com/inward/citedby.uri?partnerID=HzOxMe3b&scp=85115158216&origin=inward'}",https://api.elsevier.com/content/abstract/scopus_id/85115158216,SCOPUS_ID:85115158216,2-s2.0-85115158216,"16th International Conference on Electromechanics and Robotics “Zavalishin’s Readings”, ERZR 2021",,"Smart Innovation, Systems and Technologies",21903026,232,,,2022-01-01,2022,,0,,,Book Series,cr,Conference Review,,21100204111,0,False,,,21903018,,"[{'@_fa': 'true', '$': '9789811628139'}]"
true,"{'self': 'https://api.elsevier.com/content/abstract/scopus_id/85114956212', 'author-affiliation': 'https://api.elsevier.com/content/abstract/scopus_id/85114956212?field=author,affiliation', 'scopus': 'https://www.scopus.com/inward/record.uri?partnerID=HzOxMe3b&scp=85114956212&origin=inward', 'scopus-citedby': 'https://www.scopus.com/inward/citedby.uri?partnerID=HzOxMe3b&scp=85114956212&origin=inward'}",https://api.elsevier.com/content/abstract/scopus_id/85114956212,SCOPUS_ID:85114956212,2-s2.0-85114956212,Futuristic Communication Systems Using Mobile Edge Computing,Kaur M.J.,Lecture Notes on Data Engineering and Communications Technologies,23674520,74,,267-281,2022-01-01,2022,10.1007/978-981-16-3448-2_13,0,"[{'@_fa': 'true', 'affilname': 'Seneca College of Applied Arts &amp; Technology', 'affiliation-city': 'Toronto', 'affiliation-country': 'Canada'}]",,Book Series,ch,Book Chapter,,21100975545,0,False,,,23674512,,
true,"{'self': 'https://api.elsevier.com/content/abstract/scopus_id/85113556429', 'author-affiliation': 'https://api.elsevier.com/content/abstract/scopus_id/85113556429?field=author,affiliation', 'scopus': 'https://www.scopus.com/inward/record.uri?partnerID=HzOxMe3b&scp=85113556429&origin=inward', 'scopus-citedby': 'https://www.scopus.com/inward/citedby.uri?partnerID=HzOxMe3b&scp=85113556429&origin=inward'}",https://api.elsevier.com/content/abstract/scopus_id/85113556429,SCOPUS_ID:85113556429,2-s2.0-85113556429,"5th EAI International Conference on Management of Manufacturing Systems, MMS 2020",,EAI/Springer Innovations in Communication and Computing,25228609,,,,2022-01-01,2022,,0,,,Book Series,cr,Conference Review,,21101019713,0,False,,,25228595,,"[{'@_fa': 'true', '$': '9783030672409'}]"
true,"{'self': 'https://api.elsevier.com/content/abstract/scopus_id/85113434057', 'author-affiliation': 'https://api.elsevier.com/content/abstract/scopus_id/85113434057?field=author,affiliation', 'scopus': 'https://www.scopus.com/inward/record.uri?partnerID=HzOxMe3b&scp=85113434057&origin=inward', 'scopus-citedby': 'https://www.scopus.com/inward/citedby.uri?partnerID=HzOxMe3b&scp=85113434057&origin=inward'}",https://api.elsevier.com/content/abstract/scopus_id/85113434057,SCOPUS_ID:85113434057,2-s2.0-85113434057,Design and Implementation of a Wireless Medical Robot for Communication Within Hazardous Environments,Maher N.,Wireless Personal Communications,1572834X,122,2,1391-1412,2022-01-01,January 2022,10.1007/s11277-021-08954-7,0,"[{'@_fa': 'true', 'affilname': 'Ain Shams University', 'affiliation-city': 'Cairo', 'affiliation-country': 'Egypt'}]",,Journal,ar,Article,,20725,1,True,"{'value': [{'$': 'all'}, {'$': 'publisherfree2read'}, {'$': 'repository'}, {'$': 'repositoryvor'}]}","{'value': [{'$': 'All Open Access'}, {'$': 'Bronze'}, {'$': 'Green'}]}",09296212,,
true,"{'self': 'https://api.elsevier.com/content/abstract/scopus_id/85113426057', 'author-affiliation': 'https://api.elsevier.com/content/abstract/scopus_id/85113426057?field=author,affiliation', 'scopus': 'https://www.scopus.com/inward/record.uri?partnerID=HzOxMe3b&scp=85113426057&origin=inward', 'scopus-citedby': 'https://www.scopus.com/inward/citedby.uri?partnerID=HzOxMe3b&scp=85113426057&origin=inward'}",https://api.elsevier.com/content/abstract/scopus_id/85113426057,SCOPUS_ID:85113426057,2-s2.0-85113426057,Study on the Learning in Intelligent Control Using Neural Networks Based on Back-Propagation and Differential Evolution,Mu S.,EAI/Springer Innovations in Communication and Computing,25228609,,,17-29,2022-01-01,2022,10.1007/978-3-030-70451-3_2,1,"[{'@_fa': 'true', 'affilname': 'Ehime University', 'affiliation-city': 'Matsuyama', 'affiliation-country': 'Japan'}]",,Book Series,cp,Conference Paper,,21101019713,0,False,,,25228595,,"[{'@_fa': 'true', '$': '9783030704506'}]"
true,"{'self': 'https://api.elsevier.com/content/abstract/scopus_id/85112583677', 'author-affiliation': 'https://api.elsevier.com/content/abstract/scopus_id/85112583677?field=author,affiliation', 'scopus': 'https://www.scopus.com/inward/record.uri?partnerID=HzOxMe3b&scp=85112583677&origin=inward', 'scopus-citedby': 'https://www.scopus.com/inward/citedby.uri?partnerID=HzOxMe3b&scp=85112583677&origin=inward'}",https://api.elsevier.com/content/abstract/scopus_id/85112583677,SCOPUS_ID:85112583677,2-s2.0-85112583677,"Innovative Manufacturing, Mechatronics and Materials Forum, iM3F 2020",,Lecture Notes in Electrical Engineering,18761119,730,,,2022-01-01,2022,,0,,,Book Series,cr,Conference Review,,19700186822,0,False,,,18761100,,"[{'@_fa': 'true', '$': '9789813345966'}]"
true,"{'self': 'https://api.elsevier.com/content/abstract/scopus_id/85111795133', 'author-affiliation': 'https://api.elsevier.com/content/abstract/scopus_id/85111795133?field=author,affiliation', 'scopus': 'https://www.scopus.com/inward/record.uri?partnerID=HzOxMe3b&scp=85111795133&origin=inward', 'scopus-citedby': 'https://www.scopus.com/inward/citedby.uri?partnerID=HzOxMe3b&scp=85111795133&origin=inward'}",https://api.elsevier.com/content/abstract/scopus_id/85111795133,SCOPUS_ID:85111795133,2-s2.0-85111795133,Research on the Robotic Aiming System with Image Recognition and Deep Learning,Ling X.,Lecture Notes on Data Engineering and Communications Technologies,23674520,80,,654-664,2022-01-01,2022,10.1007/978-3-030-81007-8_74,0,"[{'@_fa': 'true', 'affilname': 'Beijing University of Technology', 'affiliation-city': 'Beijing', 'affiliation-country': 'China'}]",,Book Series,ch,Book Chapter,,21100975545,0,False,,,23674512,,
true,"{'self': 'https://api.elsevier.com/content/abstract/scopus_id/85103669316', 'author-affiliation': 'https://api.elsevier.com/content/abstract/scopus_id/85103669316?field=author,affiliation', 'scopus': 'https://www.scopus.com/inward/record.uri?partnerID=HzOxMe3b&scp=85103669316&origin=inward', 'scopus-citedby': 'https://www.scopus.com/inward/citedby.uri?partnerID=HzOxMe3b&scp=85103669316&origin=inward'}",https://api.elsevier.com/content/abstract/scopus_id/85103669316,SCOPUS_ID:85103669316,2-s2.0-85103669316,iRoPro: An interactive Robot Programming Framework,Liang Y.S.,International Journal of Social Robotics,18754805,14,1,177-191,2022-01-01,January 2022,10.1007/s12369-021-00775-9,0,"[{'@_fa': 'true', 'affilname': ""Laboratoire d'Informatique de Grenoble"", 'affiliation-city': ""Saint Martin d'Heres"", 'affiliation-country': 'France'}]",,Journal,ar,Article,,19500157063,0,False,"{'value': [{'$': 'all'}, {'$': 'repository'}, {'$': 'repositoryam'}]}","{'value': [{'$': 'All Open Access'}, {'$': 'Green'}]}",18754791,,
true,"{'self': 'https://api.elsevier.com/content/abstract/scopus_id/85098773714', 'author-affiliation': 'https://api.elsevier.com/content/abstract/scopus_id/85098773714?field=author,affiliation', 'scopus': 'https://www.scopus.com/inward/record.uri?partnerID=HzOxMe3b&scp=85098773714&origin=inward', 'scopus-citedby': 'https://www.scopus.com/inward/citedby.uri?partnerID=HzOxMe3b&scp=85098773714&origin=inward'}",https://api.elsevier.com/content/abstract/scopus_id/85098773714,SCOPUS_ID:85098773714,2-s2.0-85098773714,Physiological Tremor Filtering Without Phase Distortion for Robotic Microsurgery,Adhikari K.,IEEE Transactions on Automation Science and Engineering,15583783,19,1,497-509,2022-01-01,1 January 2022,10.1109/TASE.2020.3041427,2,"[{'@_fa': 'true', 'affilname': 'Newcastle University', 'affiliation-city': 'Newcastle', 'affiliation-country': 'United Kingdom'}]",,Journal,ar,Article,,17340,0,False,"{'value': [{'$': 'all'}, {'$': 'repository'}, {'$': 'repositoryam'}]}","{'value': [{'$': 'All Open Access'}, {'$': 'Green'}]}",15455955,,
