@_fa,link,prism:url,dc:identifier,eid,dc:title,dc:creator,prism:publicationName,prism:issn,prism:eIssn,prism:volume,prism:issueIdentifier,prism:pageRange,prism:coverDate,prism:coverDisplayDate,prism:doi,citedby-count,affiliation,prism:aggregationType,subtype,subtypeDescription,source-id,openaccess,openaccessFlag,prism:isbn,freetoread,freetoreadLabel,article-number,pii
true,"{'self': 'https://api.elsevier.com/content/abstract/scopus_id/85120902003', 'author-affiliation': 'https://api.elsevier.com/content/abstract/scopus_id/85120902003?field=author,affiliation', 'scopus': 'https://www.scopus.com/inward/record.uri?partnerID=HzOxMe3b&scp=85120902003&origin=inward', 'scopus-citedby': 'https://www.scopus.com/inward/citedby.uri?partnerID=HzOxMe3b&scp=85120902003&origin=inward'}",https://api.elsevier.com/content/abstract/scopus_id/85120902003,SCOPUS_ID:85120902003,2-s2.0-85120902003,Distributed Orchestration of Service Function Chains for Edge Intelligence in the Industrial Internet of Things,Chen H.,IEEE Transactions on Industrial Informatics,15513203,19410050,18,9,6244-6254,2022-09-01,1 September 2022,10.1109/TII.2021.3131757,1,"[{'@_fa': 'true', 'affilname': 'Dalian University of Technology', 'affiliation-city': 'Dalian', 'affiliation-country': 'China'}]",Journal,ar,Article,144912,0,False,,,,,
true,"{'self': 'https://api.elsevier.com/content/abstract/scopus_id/85126341772', 'author-affiliation': 'https://api.elsevier.com/content/abstract/scopus_id/85126341772?field=author,affiliation', 'scopus': 'https://www.scopus.com/inward/record.uri?partnerID=HzOxMe3b&scp=85126341772&origin=inward', 'scopus-citedby': 'https://www.scopus.com/inward/citedby.uri?partnerID=HzOxMe3b&scp=85126341772&origin=inward'}",https://api.elsevier.com/content/abstract/scopus_id/85126341772,SCOPUS_ID:85126341772,2-s2.0-85126341772,Classification of resource management approaches in fog/edge paradigm and future research prospects: a systematic review,Kansal P.,Journal of Supercomputing,09208542,15730484,78,11,13145-13204,2022-07-01,July 2022,10.1007/s11227-022-04338-1,0,"[{'@_fa': 'true', 'affilname': 'Delhi Technological University', 'affiliation-city': 'New Delhi', 'affiliation-country': 'India'}]",Journal,ar,Article,25623,0,False,,,,,
true,"{'self': 'https://api.elsevier.com/content/abstract/scopus_id/85120550278', 'author-affiliation': 'https://api.elsevier.com/content/abstract/scopus_id/85120550278?field=author,affiliation', 'scopus': 'https://www.scopus.com/inward/record.uri?partnerID=HzOxMe3b&scp=85120550278&origin=inward', 'scopus-citedby': 'https://www.scopus.com/inward/citedby.uri?partnerID=HzOxMe3b&scp=85120550278&origin=inward'}",https://api.elsevier.com/content/abstract/scopus_id/85120550278,SCOPUS_ID:85120550278,2-s2.0-85120550278,A Comparative Evaluation of Edge Cloud Virtualization Technologies,Valsamas P.,IEEE Transactions on Network and Service Management,,19324537,19,2,1351-1365,2022-06-01,1 June 2022,10.1109/TNSM.2021.3130792,0,"[{'@_fa': 'true', 'affilname': 'Panepistimion Makedonias', 'affiliation-city': 'Thessaloniki', 'affiliation-country': 'Greece'}]",Journal,ar,Article,7200153156,0,False,,,,,
true,"{'self': 'https://api.elsevier.com/content/abstract/scopus_id/85119003809', 'author-affiliation': 'https://api.elsevier.com/content/abstract/scopus_id/85119003809?field=author,affiliation', 'scopus': 'https://www.scopus.com/inward/record.uri?partnerID=HzOxMe3b&scp=85119003809&origin=inward', 'scopus-citedby': 'https://www.scopus.com/inward/citedby.uri?partnerID=HzOxMe3b&scp=85119003809&origin=inward'}",https://api.elsevier.com/content/abstract/scopus_id/85119003809,SCOPUS_ID:85119003809,2-s2.0-85119003809,Mobility-Aware Controller Orchestration in Multi-Tier Service-Oriented Architecture for IoT,Chakraborty A.,IEEE Transactions on Vehicular Technology,00189545,19399359,71,2,1820-1831,2022-02-01,1 February 2022,10.1109/TVT.2021.3126803,0,"[{'@_fa': 'true', 'affilname': 'Indian Institute of Technology Kharagpur', 'affiliation-city': 'Kharagpur', 'affiliation-country': 'India'}]",Journal,ar,Article,17393,0,False,,,,,
true,"{'self': 'https://api.elsevier.com/content/abstract/scopus_id/85134248921', 'author-affiliation': 'https://api.elsevier.com/content/abstract/scopus_id/85134248921?field=author,affiliation', 'scopus': 'https://www.scopus.com/inward/record.uri?partnerID=HzOxMe3b&scp=85134248921&origin=inward', 'scopus-citedby': 'https://www.scopus.com/inward/citedby.uri?partnerID=HzOxMe3b&scp=85134248921&origin=inward'}",https://api.elsevier.com/content/abstract/scopus_id/85134248921,SCOPUS_ID:85134248921,2-s2.0-85134248921,Distributed Edge System Orchestration for Web-based Mobile Augmented Reality Services,Ren P.,IEEE Transactions on Services Computing,,19391374,,,,2022-01-01,2022,10.1109/TSC.2022.3190375,0,"[{'@_fa': 'true', 'affilname': 'Georgia Institute of Technology', 'affiliation-city': 'Atlanta', 'affiliation-country': 'United States'}]",Journal,ar,Article,18300156728,0,False,,,,,
true,"{'self': 'https://api.elsevier.com/content/abstract/scopus_id/85133677431', 'author-affiliation': 'https://api.elsevier.com/content/abstract/scopus_id/85133677431?field=author,affiliation', 'scopus': 'https://www.scopus.com/inward/record.uri?partnerID=HzOxMe3b&scp=85133677431&origin=inward', 'scopus-citedby': 'https://www.scopus.com/inward/citedby.uri?partnerID=HzOxMe3b&scp=85133677431&origin=inward'}",https://api.elsevier.com/content/abstract/scopus_id/85133677431,SCOPUS_ID:85133677431,2-s2.0-85133677431,Robust Access Point Clustering in Edge Computing Resource Optimization,Yellas N.E.H.,IEEE Transactions on Network and Service Management,,19324537,,,,2022-01-01,2022,10.1109/TNSM.2022.3186856,0,"[{'@_fa': 'true', 'affilname': 'Conservatoire National des Arts et Metiers', 'affiliation-city': 'Paris', 'affiliation-country': 'France'}]",Journal,ar,Article,7200153156,0,False,,,,,
true,"{'self': 'https://api.elsevier.com/content/abstract/scopus_id/85133162538', 'author-affiliation': 'https://api.elsevier.com/content/abstract/scopus_id/85133162538?field=author,affiliation', 'scopus': 'https://www.scopus.com/inward/record.uri?partnerID=HzOxMe3b&scp=85133162538&origin=inward', 'scopus-citedby': 'https://www.scopus.com/inward/citedby.uri?partnerID=HzOxMe3b&scp=85133162538&origin=inward'}",https://api.elsevier.com/content/abstract/scopus_id/85133162538,SCOPUS_ID:85133162538,2-s2.0-85133162538,ROMA: Resource Orchestration for Microservices-based 5G Applications,Gholami A.,"Proceedings of the IEEE/IFIP Network Operations and Management Symposium 2022: Network and Service Management in the Era of Cloudification, Softwarization and Artificial Intelligence, NOMS 2022",,,,,,2022-01-01,2022,10.1109/NOMS54207.2022.9789821,0,"[{'@_fa': 'true', 'affilname': 'University of Maryland, College Park', 'affiliation-city': 'College Park', 'affiliation-country': 'United States'}]",Conference Proceeding,cp,Conference Paper,21101094486,0,False,"[{'@_fa': 'true', '$': '9781665406017'}]","{'value': [{'$': 'all'}, {'$': 'repository'}, {'$': 'repositoryam'}]}","{'value': [{'$': 'All Open Access'}, {'$': 'Green'}]}",,
true,"{'self': 'https://api.elsevier.com/content/abstract/scopus_id/85128788218', 'author-affiliation': 'https://api.elsevier.com/content/abstract/scopus_id/85128788218?field=author,affiliation', 'scopus': 'https://www.scopus.com/inward/record.uri?partnerID=HzOxMe3b&scp=85128788218&origin=inward', 'scopus-citedby': 'https://www.scopus.com/inward/citedby.uri?partnerID=HzOxMe3b&scp=85128788218&origin=inward'}",https://api.elsevier.com/content/abstract/scopus_id/85128788218,SCOPUS_ID:85128788218,2-s2.0-85128788218,"36th International Conference on Advanced Information Networking and Applications, AINA 2022",,Lecture Notes in Networks and Systems,23673370,23673389,451 LNNS,,,2022-01-01,2022,,0,,Book Series,cr,Conference Review,21100901469,0,False,"[{'@_fa': 'true', '$': '9783030996185'}]",,,,
true,"{'self': 'https://api.elsevier.com/content/abstract/scopus_id/85128766528', 'author-affiliation': 'https://api.elsevier.com/content/abstract/scopus_id/85128766528?field=author,affiliation', 'scopus': 'https://www.scopus.com/inward/record.uri?partnerID=HzOxMe3b&scp=85128766528&origin=inward', 'scopus-citedby': 'https://www.scopus.com/inward/citedby.uri?partnerID=HzOxMe3b&scp=85128766528&origin=inward'}",https://api.elsevier.com/content/abstract/scopus_id/85128766528,SCOPUS_ID:85128766528,2-s2.0-85128766528,"36th International Conference on Advanced Information Networking and Applications, AINA 2022",,Lecture Notes in Networks and Systems,23673370,23673389,450 LNNS,,,2022-01-01,2022,,0,,Book Series,cr,Conference Review,21100901469,0,False,"[{'@_fa': 'true', '$': '9783030995867'}]",,,,
true,"{'self': 'https://api.elsevier.com/content/abstract/scopus_id/85128651238', 'author-affiliation': 'https://api.elsevier.com/content/abstract/scopus_id/85128651238?field=author,affiliation', 'scopus': 'https://www.scopus.com/inward/record.uri?partnerID=HzOxMe3b&scp=85128651238&origin=inward', 'scopus-citedby': 'https://www.scopus.com/inward/citedby.uri?partnerID=HzOxMe3b&scp=85128651238&origin=inward'}",https://api.elsevier.com/content/abstract/scopus_id/85128651238,SCOPUS_ID:85128651238,2-s2.0-85128651238,"36th International Conference on Advanced Information Networking and Applications, AINA 2022",,Lecture Notes in Networks and Systems,23673370,23673389,449 LNNS,,,2022-01-01,2022,,0,,Book Series,cr,Conference Review,21100901469,0,False,"[{'@_fa': 'true', '$': '9783030995836'}]",,,,
true,"{'self': 'https://api.elsevier.com/content/abstract/scopus_id/85127909374', 'author-affiliation': 'https://api.elsevier.com/content/abstract/scopus_id/85127909374?field=author,affiliation', 'scopus': 'https://www.scopus.com/inward/record.uri?partnerID=HzOxMe3b&scp=85127909374&origin=inward', 'scopus-citedby': 'https://www.scopus.com/inward/citedby.uri?partnerID=HzOxMe3b&scp=85127909374&origin=inward'}",https://api.elsevier.com/content/abstract/scopus_id/85127909374,SCOPUS_ID:85127909374,2-s2.0-85127909374,"11th EAI International Conference on Cloud Computing, CloudComp 2021",,"Lecture Notes of the Institute for Computer Sciences, Social-Informatics and Telecommunications Engineering, LNICST",18678211,1867822X,430 LNICST,,,2022-01-01,2022,,0,,Book Series,cr,Conference Review,21100220348,0,False,"[{'@_fa': 'true', '$': '9783030991906'}]",,,,
true,"{'self': 'https://api.elsevier.com/content/abstract/scopus_id/85123871751', 'author-affiliation': 'https://api.elsevier.com/content/abstract/scopus_id/85123871751?field=author,affiliation', 'scopus': 'https://www.scopus.com/inward/record.uri?partnerID=HzOxMe3b&scp=85123871751&origin=inward', 'scopus-citedby': 'https://www.scopus.com/inward/citedby.uri?partnerID=HzOxMe3b&scp=85123871751&origin=inward'}",https://api.elsevier.com/content/abstract/scopus_id/85123871751,SCOPUS_ID:85123871751,2-s2.0-85123871751,Optimized Resource Allocation for Fog Network using Neuro-fuzzy Offloading Approach,Garg K.,Arabian Journal for Science and Engineering,2193567X,21914281,,,,2022-01-01,2022,10.1007/s13369-022-06563-5,0,"[{'@_fa': 'true', 'affilname': 'SRM Institute of Science and Technology, NCR Campus', 'affiliation-city': 'Ghaziabad', 'affiliation-country': 'India'}]",Journal,ar,Article,13951,0,False,,,,,
true,"{'self': 'https://api.elsevier.com/content/abstract/scopus_id/85112233295', 'author-affiliation': 'https://api.elsevier.com/content/abstract/scopus_id/85112233295?field=author,affiliation', 'scopus': 'https://www.scopus.com/inward/record.uri?partnerID=HzOxMe3b&scp=85112233295&origin=inward', 'scopus-citedby': 'https://www.scopus.com/inward/citedby.uri?partnerID=HzOxMe3b&scp=85112233295&origin=inward'}",https://api.elsevier.com/content/abstract/scopus_id/85112233295,SCOPUS_ID:85112233295,2-s2.0-85112233295,Smart Collaborative Balancing for Dependable Network Components in Cyber-Physical Systems,Song F.,IEEE Transactions on Industrial Informatics,15513203,19410050,17,10,6916-6924,2021-10-01,October 2021,10.1109/TII.2020.3029766,25,"[{'@_fa': 'true', 'affilname': 'Beijing Jiaotong University', 'affiliation-city': 'Beijing', 'affiliation-country': 'China'}]",Journal,ar,Article,144912,0,False,,,,9219235,
true,"{'self': 'https://api.elsevier.com/content/abstract/scopus_id/85106478878', 'author-affiliation': 'https://api.elsevier.com/content/abstract/scopus_id/85106478878?field=author,affiliation', 'scopus': 'https://www.scopus.com/inward/record.uri?partnerID=HzOxMe3b&scp=85106478878&origin=inward', 'scopus-citedby': 'https://www.scopus.com/inward/citedby.uri?partnerID=HzOxMe3b&scp=85106478878&origin=inward', 'full-text': 'https://api.elsevier.com/content/article/eid/1-s2.0-S1389128621002176'}",https://api.elsevier.com/content/abstract/scopus_id/85106478878,SCOPUS_ID:85106478878,2-s2.0-85106478878,"A genetic algorithm approach for service function chain placement in 5G and beyond, virtualized edge networks",Magoula L.,Computer Networks,13891286,,195,,,2021-08-04,4 August 2021,10.1016/j.comnet.2021.108157,3,"[{'@_fa': 'true', 'affilname': 'Ethnikó ke Kapodistriakó Panepistímio Athinón', 'affiliation-city': 'Athens', 'affiliation-country': 'Greece'}]",Journal,ar,Article,26811,0,False,,,,108157,S1389128621002176
true,"{'self': 'https://api.elsevier.com/content/abstract/scopus_id/85099533213', 'author-affiliation': 'https://api.elsevier.com/content/abstract/scopus_id/85099533213?field=author,affiliation', 'scopus': 'https://www.scopus.com/inward/record.uri?partnerID=HzOxMe3b&scp=85099533213&origin=inward', 'scopus-citedby': 'https://www.scopus.com/inward/citedby.uri?partnerID=HzOxMe3b&scp=85099533213&origin=inward'}",https://api.elsevier.com/content/abstract/scopus_id/85099533213,SCOPUS_ID:85099533213,2-s2.0-85099533213,Managing Chains of Application Functions over Multi-Technology Edge Networks,Akhtar N.,IEEE Transactions on Network and Service Management,,19324537,18,1,511-525,2021-03-01,March 2021,10.1109/TNSM.2021.3050009,3,"[{'@_fa': 'true', 'affilname': 'Akamai Technologies', 'affiliation-city': 'Cambridge', 'affiliation-country': 'United States'}, {'@_fa': 'true', 'affilname': 'Boston University', 'affiliation-city': 'Boston', 'affiliation-country': 'United States'}]",Journal,ar,Article,7200153156,0,False,,,,9316983,
true,"{'self': 'https://api.elsevier.com/content/abstract/scopus_id/85127291323', 'author-affiliation': 'https://api.elsevier.com/content/abstract/scopus_id/85127291323?field=author,affiliation', 'scopus': 'https://www.scopus.com/inward/record.uri?partnerID=HzOxMe3b&scp=85127291323&origin=inward', 'scopus-citedby': 'https://www.scopus.com/inward/citedby.uri?partnerID=HzOxMe3b&scp=85127291323&origin=inward'}",https://api.elsevier.com/content/abstract/scopus_id/85127291323,SCOPUS_ID:85127291323,2-s2.0-85127291323,Deterministic Service Function Chaining over beyond 5G Edge Fabric,Yu H.,"2021 IEEE Global Communications Conference, GLOBECOM 2021 - Proceedings",,,,,,2021-01-01,2021,10.1109/GLOBECOM46510.2021.9685927,0,"[{'@_fa': 'true', 'affilname': 'Aalto University', 'affiliation-city': 'Espoo', 'affiliation-country': 'Finland'}]",Conference Proceeding,cp,Conference Paper,21101082900,0,False,"[{'@_fa': 'true', '$': '9781728181042'}]","{'value': [{'$': 'all'}, {'$': 'repository'}, {'$': 'repositoryam'}]}","{'value': [{'$': 'All Open Access'}, {'$': 'Green'}]}",,
true,"{'self': 'https://api.elsevier.com/content/abstract/scopus_id/85127241219', 'author-affiliation': 'https://api.elsevier.com/content/abstract/scopus_id/85127241219?field=author,affiliation', 'scopus': 'https://www.scopus.com/inward/record.uri?partnerID=HzOxMe3b&scp=85127241219&origin=inward', 'scopus-citedby': 'https://www.scopus.com/inward/citedby.uri?partnerID=HzOxMe3b&scp=85127241219&origin=inward'}",https://api.elsevier.com/content/abstract/scopus_id/85127241219,SCOPUS_ID:85127241219,2-s2.0-85127241219,Blockchain and FL-based Network Resource Management for Interactive Immersive Services,Aloqaily M.,"2021 IEEE Global Communications Conference, GLOBECOM 2021 - Proceedings",,,,,,2021-01-01,2021,10.1109/GLOBECOM46510.2021.9685091,1,"[{'@_fa': 'true', 'affilname': 'Al Ain University', 'affiliation-city': 'Al Ain', 'affiliation-country': 'United Arab Emirates'}]",Conference Proceeding,cp,Conference Paper,21101082900,0,False,"[{'@_fa': 'true', '$': '9781728181042'}]",,,,
true,"{'self': 'https://api.elsevier.com/content/abstract/scopus_id/85127228765', 'author-affiliation': 'https://api.elsevier.com/content/abstract/scopus_id/85127228765?field=author,affiliation', 'scopus': 'https://www.scopus.com/inward/record.uri?partnerID=HzOxMe3b&scp=85127228765&origin=inward', 'scopus-citedby': 'https://www.scopus.com/inward/citedby.uri?partnerID=HzOxMe3b&scp=85127228765&origin=inward'}",https://api.elsevier.com/content/abstract/scopus_id/85127228765,SCOPUS_ID:85127228765,2-s2.0-85127228765,VAPNIC: A VersAtile shortest path-free VNF Placement using a divide-and-coNquer tactIC,Lahlou L.,"2021 IEEE Global Communications Conference, GLOBECOM 2021 - Proceedings",,,,,,2021-01-01,2021,10.1109/GLOBECOM46510.2021.9685195,0,"[{'@_fa': 'true', 'affilname': 'École de Technologie Supérieure', 'affiliation-city': 'Montreal', 'affiliation-country': 'Canada'}]",Conference Proceeding,cp,Conference Paper,21101082900,0,False,"[{'@_fa': 'true', '$': '9781728181042'}]",,,,
true,"{'self': 'https://api.elsevier.com/content/abstract/scopus_id/85126878872', 'author-affiliation': 'https://api.elsevier.com/content/abstract/scopus_id/85126878872?field=author,affiliation', 'scopus': 'https://www.scopus.com/inward/record.uri?partnerID=HzOxMe3b&scp=85126878872&origin=inward', 'scopus-citedby': 'https://www.scopus.com/inward/citedby.uri?partnerID=HzOxMe3b&scp=85126878872&origin=inward'}",https://api.elsevier.com/content/abstract/scopus_id/85126878872,SCOPUS_ID:85126878872,2-s2.0-85126878872,Research on Virtualization Technology of Power Information Network Security Access,Ji Y.,"Proceedings of 2021 IEEE 2nd International Conference on Information Technology, Big Data and Artificial Intelligence, ICIBA 2021",,,,,501-505,2021-01-01,2021,10.1109/ICIBA52610.2021.9688128,0,"[{'@_fa': 'true', 'affilname': 'NARI Group Corporation (State Grid Electric Power Research Institute)', 'affiliation-city': 'Nanjing', 'affiliation-country': 'China'}]",Conference Proceeding,cp,Conference Paper,21101082004,0,False,"[{'@_fa': 'true', '$': '9781665428767'}]",,,,
true,"{'self': 'https://api.elsevier.com/content/abstract/scopus_id/85123934574', 'author-affiliation': 'https://api.elsevier.com/content/abstract/scopus_id/85123934574?field=author,affiliation', 'scopus': 'https://www.scopus.com/inward/record.uri?partnerID=HzOxMe3b&scp=85123934574&origin=inward', 'scopus-citedby': 'https://www.scopus.com/inward/citedby.uri?partnerID=HzOxMe3b&scp=85123934574&origin=inward'}",https://api.elsevier.com/content/abstract/scopus_id/85123934574,SCOPUS_ID:85123934574,2-s2.0-85123934574,Adaptive Workload Orchestration in Pure Edge Computing: A Reinforcement-Learning Model,Safavifar Z.,"Proceedings - International Conference on Tools with Artificial Intelligence, ICTAI",10823409,,2021-November,,856-860,2021-01-01,2021,10.1109/ICTAI52525.2021.00137,0,"[{'@_fa': 'true', 'affilname': 'University College Dublin', 'affiliation-city': 'Dublin', 'affiliation-country': 'Ireland'}]",Conference Proceeding,cp,Conference Paper,145117,0,False,"[{'@_fa': 'true', '$': '9781665408981'}]",,,,
true,"{'self': 'https://api.elsevier.com/content/abstract/scopus_id/85123681245', 'author-affiliation': 'https://api.elsevier.com/content/abstract/scopus_id/85123681245?field=author,affiliation', 'scopus': 'https://www.scopus.com/inward/record.uri?partnerID=HzOxMe3b&scp=85123681245&origin=inward', 'scopus-citedby': 'https://www.scopus.com/inward/citedby.uri?partnerID=HzOxMe3b&scp=85123681245&origin=inward'}",https://api.elsevier.com/content/abstract/scopus_id/85123681245,SCOPUS_ID:85123681245,2-s2.0-85123681245,Programmable Cyber-Infrastructure Architectures for Science Applications,Jabbari B.,"2021 IEEE International Conference on Microwaves, Antennas, Communications and Electronic Systems, COMCAS 2021",,,,,84-88,2021-01-01,2021,10.1109/COMCAS52219.2021.9629107,0,"[{'@_fa': 'true', 'affilname': 'George Mason University', 'affiliation-city': 'Fairfax', 'affiliation-country': 'United States'}]",Conference Proceeding,cp,Conference Paper,21101074551,0,False,"[{'@_fa': 'true', '$': '9780738146720'}]",,,,
true,"{'self': 'https://api.elsevier.com/content/abstract/scopus_id/85123450650', 'author-affiliation': 'https://api.elsevier.com/content/abstract/scopus_id/85123450650?field=author,affiliation', 'scopus': 'https://www.scopus.com/inward/record.uri?partnerID=HzOxMe3b&scp=85123450650&origin=inward', 'scopus-citedby': 'https://www.scopus.com/inward/citedby.uri?partnerID=HzOxMe3b&scp=85123450650&origin=inward'}",https://api.elsevier.com/content/abstract/scopus_id/85123450650,SCOPUS_ID:85123450650,2-s2.0-85123450650,Efficient Orchestration of Service Chains in Fog Computing for Immersive Media,Santos J.,"Proceedings of the 2021 17th International Conference on Network and Service Management: Smart Management for Future Networks and Services, CNSM 2021",,,,,139-145,2021-01-01,2021,10.23919/CNSM52442.2021.9615539,0,"[{'@_fa': 'true', 'affilname': 'Universiteit Gent', 'affiliation-city': 'Ghent', 'affiliation-country': 'Belgium'}]",Conference Proceeding,cp,Conference Paper,21101073810,0,False,"[{'@_fa': 'true', '$': '9783903176362'}]","{'value': [{'$': 'all'}, {'$': 'repository'}, {'$': 'repositoryvor'}]}","{'value': [{'$': 'All Open Access'}, {'$': 'Green'}]}",,
true,"{'self': 'https://api.elsevier.com/content/abstract/scopus_id/85123024758', 'author-affiliation': 'https://api.elsevier.com/content/abstract/scopus_id/85123024758?field=author,affiliation', 'scopus': 'https://www.scopus.com/inward/record.uri?partnerID=HzOxMe3b&scp=85123024758&origin=inward', 'scopus-citedby': 'https://www.scopus.com/inward/citedby.uri?partnerID=HzOxMe3b&scp=85123024758&origin=inward'}",https://api.elsevier.com/content/abstract/scopus_id/85123024758,SCOPUS_ID:85123024758,2-s2.0-85123024758,Machine Learning Based mmWave Orchestration for Edge Gaming QoE Enhancement,Luo H.,IEEE Vehicular Technology Conference,15502252,,2021-September,,,2021-01-01,2021,10.1109/VTC2021-Fall52928.2021.9625307,0,"[{'@_fa': 'true', 'affilname': 'National Taiwan University', 'affiliation-city': 'Taipei', 'affiliation-country': 'Taiwan'}]",Conference Proceeding,cp,Conference Paper,23922,0,False,"[{'@_fa': 'true', '$': '9781665413688'}]",,,,
true,"{'self': 'https://api.elsevier.com/content/abstract/scopus_id/85107346048', 'author-affiliation': 'https://api.elsevier.com/content/abstract/scopus_id/85107346048?field=author,affiliation', 'scopus': 'https://www.scopus.com/inward/record.uri?partnerID=HzOxMe3b&scp=85107346048&origin=inward', 'scopus-citedby': 'https://www.scopus.com/inward/citedby.uri?partnerID=HzOxMe3b&scp=85107346048&origin=inward'}",https://api.elsevier.com/content/abstract/scopus_id/85107346048,SCOPUS_ID:85107346048,2-s2.0-85107346048,Service Placement for Latency Reduction in the Fog Using Application Profiles,Velasquez K.,IEEE Access,,21693536,9,,80821-80834,2021-01-01,2021,10.1109/ACCESS.2021.3085370,2,"[{'@_fa': 'true', 'affilname': 'University of Coimbra, Centre for Informatics and System', 'affiliation-city': 'Coimbra', 'affiliation-country': 'Portugal'}]",Journal,ar,Article,21100374601,1,True,,"{'value': [{'$': 'all'}, {'$': 'publisherfullgold'}]}","{'value': [{'$': 'All Open Access'}, {'$': 'Gold'}]}",9445114,
true,"{'self': 'https://api.elsevier.com/content/abstract/scopus_id/85096591405', 'author-affiliation': 'https://api.elsevier.com/content/abstract/scopus_id/85096591405?field=author,affiliation', 'scopus': 'https://www.scopus.com/inward/record.uri?partnerID=HzOxMe3b&scp=85096591405&origin=inward', 'scopus-citedby': 'https://www.scopus.com/inward/citedby.uri?partnerID=HzOxMe3b&scp=85096591405&origin=inward'}",https://api.elsevier.com/content/abstract/scopus_id/85096591405,SCOPUS_ID:85096591405,2-s2.0-85096591405,Flexible computation offloading in a fuzzy-based mobile edge orchestrator for IoT applications,Nguyen V.D.,Journal of Cloud Computing,,2192113X,9,1,,2020-12-01,December 2020,10.1186/s13677-020-00211-9,6,"[{'@_fa': 'true', 'affilname': 'Kyung Hee University', 'affiliation-city': 'Seoul', 'affiliation-country': 'South Korea'}]",Journal,ar,Article,21100383744,1,True,,"{'value': [{'$': 'all'}, {'$': 'publisherfullgold'}]}","{'value': [{'$': 'All Open Access'}, {'$': 'Gold'}]}",66,
true,"{'self': 'https://api.elsevier.com/content/abstract/scopus_id/85090340458', 'author-affiliation': 'https://api.elsevier.com/content/abstract/scopus_id/85090340458?field=author,affiliation', 'scopus': 'https://www.scopus.com/inward/record.uri?partnerID=HzOxMe3b&scp=85090340458&origin=inward', 'scopus-citedby': 'https://www.scopus.com/inward/citedby.uri?partnerID=HzOxMe3b&scp=85090340458&origin=inward', 'full-text': 'https://api.elsevier.com/content/article/eid/1-s2.0-S1084804520302599'}",https://api.elsevier.com/content/abstract/scopus_id/85090340458,SCOPUS_ID:85090340458,2-s2.0-85090340458,Scalable edge cloud platforms for IoT services,Sonkoly B.,Journal of Network and Computer Applications,10848045,10958592,170,,,2020-11-15,15 November 2020,10.1016/j.jnca.2020.102785,11,"[{'@_fa': 'true', 'affilname': 'Budapest University of Technology and Economics', 'affiliation-city': 'Budapest', 'affiliation-country': 'Hungary'}, {'@_fa': 'true', 'affilname': 'MTA-BME Network Softwarization Research Group', 'affiliation-city': None, 'affiliation-country': 'Hungary'}]",Journal,ar,Article,27277,1,True,,"{'value': [{'$': 'all'}, {'$': 'publisherhybridgold'}]}","{'value': [{'$': 'All Open Access'}, {'$': 'Hybrid Gold'}]}",102785,S1084804520302599
true,"{'self': 'https://api.elsevier.com/content/abstract/scopus_id/85099313069', 'author-affiliation': 'https://api.elsevier.com/content/abstract/scopus_id/85099313069?field=author,affiliation', 'scopus': 'https://www.scopus.com/inward/record.uri?partnerID=HzOxMe3b&scp=85099313069&origin=inward', 'scopus-citedby': 'https://www.scopus.com/inward/citedby.uri?partnerID=HzOxMe3b&scp=85099313069&origin=inward'}",https://api.elsevier.com/content/abstract/scopus_id/85099313069,SCOPUS_ID:85099313069,2-s2.0-85099313069,Dynamic Task Offloading with Minority Game for Internet of Vehicles in Cloud-Edge Computing,Shen B.,"Proceedings - 2020 IEEE 13th International Conference on Web Services, ICWS 2020",,,,,372-379,2020-10-01,October 2020,10.1109/ICWS49710.2020.00055,4,"[{'@_fa': 'true', 'affilname': 'Nanjing University of Information Science &amp; Technology', 'affiliation-city': 'Nanjing', 'affiliation-country': 'China'}]",Conference Proceeding,cp,Conference Paper,21101033868,0,False,"[{'@_fa': 'true', '$': '9781728187860'}]",,,9284074,
true,"{'self': 'https://api.elsevier.com/content/abstract/scopus_id/85076018823', 'author-affiliation': 'https://api.elsevier.com/content/abstract/scopus_id/85076018823?field=author,affiliation', 'scopus': 'https://www.scopus.com/inward/record.uri?partnerID=HzOxMe3b&scp=85076018823&origin=inward', 'scopus-citedby': 'https://www.scopus.com/inward/citedby.uri?partnerID=HzOxMe3b&scp=85076018823&origin=inward'}",https://api.elsevier.com/content/abstract/scopus_id/85076018823,SCOPUS_ID:85076018823,2-s2.0-85076018823,A modified water cycle evolutionary game theory algorithm to utilize QoS for IoT services in cloud-assisted fog computing environments,Emami Khansari M.,Journal of Supercomputing,09208542,15730484,76,7,5578-5608,2020-07-01,1 July 2020,10.1007/s11227-019-03095-y,8,"[{'@_fa': 'true', 'affilname': 'Amirkabir University of Technology', 'affiliation-city': 'Tehran', 'affiliation-country': 'Iran'}]",Journal,ar,Article,25623,0,False,,,,,
true,"{'self': 'https://api.elsevier.com/content/abstract/scopus_id/85091999706', 'author-affiliation': 'https://api.elsevier.com/content/abstract/scopus_id/85091999706?field=author,affiliation', 'scopus': 'https://www.scopus.com/inward/record.uri?partnerID=HzOxMe3b&scp=85091999706&origin=inward', 'scopus-citedby': 'https://www.scopus.com/inward/citedby.uri?partnerID=HzOxMe3b&scp=85091999706&origin=inward'}",https://api.elsevier.com/content/abstract/scopus_id/85091999706,SCOPUS_ID:85091999706,2-s2.0-85091999706,ANI: Abstracted network inventory for streamlined service placement in distributed clouds,Lachos Perez D.A.,"Proceedings of the 2020 IEEE Conference on Network Softwarization: Bridging the Gap Between AI and Network Softwarization, NetSoft 2020",,,,,319-325,2020-06-01,June 2020,10.1109/NetSoft48620.2020.9165443,4,"[{'@_fa': 'true', 'affilname': 'Universidade Estadual de Campinas', 'affiliation-city': 'Campinas', 'affiliation-country': 'Brazil'}]",Conference Proceeding,cp,Conference Paper,21101022771,0,False,"[{'@_fa': 'true', '$': '9781728156842'}]",,,9165443,
true,"{'self': 'https://api.elsevier.com/content/abstract/scopus_id/85090038228', 'author-affiliation': 'https://api.elsevier.com/content/abstract/scopus_id/85090038228?field=author,affiliation', 'scopus': 'https://www.scopus.com/inward/record.uri?partnerID=HzOxMe3b&scp=85090038228&origin=inward', 'scopus-citedby': 'https://www.scopus.com/inward/citedby.uri?partnerID=HzOxMe3b&scp=85090038228&origin=inward'}",https://api.elsevier.com/content/abstract/scopus_id/85090038228,SCOPUS_ID:85090038228,2-s2.0-85090038228,A Rank-based Mechanism for Service Placement in the Fog,Velasquez K.,"IFIP Networking 2020 Conference and Workshops, Networking 2020",,,,,64-72,2020-06-01,June 2020,,8,"[{'@_fa': 'true', 'affilname': 'University of Coimbra, Centre for Informatics and System', 'affiliation-city': 'Coimbra', 'affiliation-country': 'Portugal'}]",Conference Proceeding,cp,Conference Paper,21101021069,0,False,"[{'@_fa': 'true', '$': '9783903176287'}]",,,9142750,
true,"{'self': 'https://api.elsevier.com/content/abstract/scopus_id/85084309752', 'author-affiliation': 'https://api.elsevier.com/content/abstract/scopus_id/85084309752?field=author,affiliation', 'scopus': 'https://www.scopus.com/inward/record.uri?partnerID=HzOxMe3b&scp=85084309752&origin=inward', 'scopus-citedby': 'https://www.scopus.com/inward/citedby.uri?partnerID=HzOxMe3b&scp=85084309752&origin=inward', 'full-text': 'https://api.elsevier.com/content/article/eid/1-s2.0-S0140366420303091'}",https://api.elsevier.com/content/abstract/scopus_id/85084309752,SCOPUS_ID:85084309752,2-s2.0-85084309752,Edge caching and computing in 5G for mobile augmented reality and haptic internet,Cheng Y.,Computer Communications,01403664,1873703X,158,,24-31,2020-05-15,15 May 2020,10.1016/j.comcom.2020.04.054,16,"[{'@_fa': 'true', 'affilname': 'Kunming University of Science and Technology', 'affiliation-city': 'Kunming', 'affiliation-country': 'China'}]",Journal,ar,Article,13681,0,False,,,,,S0140366420303091
true,"{'self': 'https://api.elsevier.com/content/abstract/scopus_id/85087554229', 'author-affiliation': 'https://api.elsevier.com/content/abstract/scopus_id/85087554229?field=author,affiliation', 'scopus': 'https://www.scopus.com/inward/record.uri?partnerID=HzOxMe3b&scp=85087554229&origin=inward', 'scopus-citedby': 'https://www.scopus.com/inward/citedby.uri?partnerID=HzOxMe3b&scp=85087554229&origin=inward'}",https://api.elsevier.com/content/abstract/scopus_id/85087554229,SCOPUS_ID:85087554229,2-s2.0-85087554229,Security- and Location-Aware Optimal Virtual Machine Management for 5G-Driven MEC Systems,Carvalho G.H.S.,Lecture Notes on Data Engineering and Communications Technologies,23674512,23674520,51,,123-134,2020-01-01,2020,10.1007/978-3-030-44372-6_11,0,"[{'@_fa': 'true', 'affilname': 'Ryerson University', 'affiliation-city': 'Toronto', 'affiliation-country': 'Canada'}]",Book Series,ch,Book Chapter,21100975545,0,False,,,,,
true,"{'self': 'https://api.elsevier.com/content/abstract/scopus_id/85081972252', 'author-affiliation': 'https://api.elsevier.com/content/abstract/scopus_id/85081972252?field=author,affiliation', 'scopus': 'https://www.scopus.com/inward/record.uri?partnerID=HzOxMe3b&scp=85081972252&origin=inward', 'scopus-citedby': 'https://www.scopus.com/inward/citedby.uri?partnerID=HzOxMe3b&scp=85081972252&origin=inward'}",https://api.elsevier.com/content/abstract/scopus_id/85081972252,SCOPUS_ID:85081972252,2-s2.0-85081972252,Dynamic architecture based on network virtualization and distributed orchestration for management of autonomic network,Saadon G.,"15th International Conference on Network and Service Management, CNSM 2019",,,,,,2019-10-01,October 2019,10.23919/CNSM46954.2019.9012731,2,"[{'@_fa': 'true', 'affilname': 'Télécom Paris', 'affiliation-city': 'Palaiseau', 'affiliation-country': 'France'}]",Conference Proceeding,cp,Conference Paper,21100972404,0,False,"[{'@_fa': 'true', '$': '9783903176249'}]",,,9012731,
true,"{'self': 'https://api.elsevier.com/content/abstract/scopus_id/85073426436', 'author-affiliation': 'https://api.elsevier.com/content/abstract/scopus_id/85073426436?field=author,affiliation', 'scopus': 'https://www.scopus.com/inward/record.uri?partnerID=HzOxMe3b&scp=85073426436&origin=inward', 'scopus-citedby': 'https://www.scopus.com/inward/citedby.uri?partnerID=HzOxMe3b&scp=85073426436&origin=inward'}",https://api.elsevier.com/content/abstract/scopus_id/85073426436,SCOPUS_ID:85073426436,2-s2.0-85073426436,Survey on Computation Offloading and Content Caching in Mobile Edge Networks,Zhang K.Y.,Ruan Jian Xue Bao/Journal of Software,10009825,,30,8,2491-2516,2019-08-01,1 August 2019,10.13328/j.cnki.jos.005861,22,"[{'@_fa': 'true', 'affilname': ""Xi'an Jiaotong University"", 'affiliation-city': ""Xi'an"", 'affiliation-country': 'China'}]",Journal,re,Review,19913,0,False,,,,,
true,"{'self': 'https://api.elsevier.com/content/abstract/scopus_id/85063031646', 'author-affiliation': 'https://api.elsevier.com/content/abstract/scopus_id/85063031646?field=author,affiliation', 'scopus': 'https://www.scopus.com/inward/record.uri?partnerID=HzOxMe3b&scp=85063031646&origin=inward', 'scopus-citedby': 'https://www.scopus.com/inward/citedby.uri?partnerID=HzOxMe3b&scp=85063031646&origin=inward'}",https://api.elsevier.com/content/abstract/scopus_id/85063031646,SCOPUS_ID:85063031646,2-s2.0-85063031646,A modified knowledge-based ant colony algorithm for virtual machine placement and simultaneous routing of NFV in distributed cloud architecture,Farshin A.,Journal of Supercomputing,09208542,15730484,75,8,5520-5550,2019-08-01,1 August 2019,10.1007/s11227-019-02804-x,13,"[{'@_fa': 'true', 'affilname': 'Amirkabir University of Technology', 'affiliation-city': 'Tehran', 'affiliation-country': 'Iran'}]",Journal,ar,Article,25623,0,False,,,,,
true,"{'self': 'https://api.elsevier.com/content/abstract/scopus_id/85072044101', 'author-affiliation': 'https://api.elsevier.com/content/abstract/scopus_id/85072044101?field=author,affiliation', 'scopus': 'https://www.scopus.com/inward/record.uri?partnerID=HzOxMe3b&scp=85072044101&origin=inward', 'scopus-citedby': 'https://www.scopus.com/inward/citedby.uri?partnerID=HzOxMe3b&scp=85072044101&origin=inward'}",https://api.elsevier.com/content/abstract/scopus_id/85072044101,SCOPUS_ID:85072044101,2-s2.0-85072044101,Machine Learning-Driven Scaling and Placement of Virtual Network Functions at the Network Edges,Subramanya T.,"Proceedings of the 2019 IEEE Conference on Network Softwarization: Unleashing the Power of Network Softwarization, NetSoft 2019",,,,,414-422,2019-06-01,June 2019,10.1109/NETSOFT.2019.8806631,19,"[{'@_fa': 'true', 'affilname': 'Center for REsearch And Telecommunication Experimentation for NETworked communities', 'affiliation-city': 'Trento', 'affiliation-country': 'Italy'}]",Conference Proceeding,cp,Conference Paper,21100928202,0,False,"[{'@_fa': 'true', '$': '9781538693766'}]",,,8806631,
true,"{'self': 'https://api.elsevier.com/content/abstract/scopus_id/85071733445', 'author-affiliation': 'https://api.elsevier.com/content/abstract/scopus_id/85071733445?field=author,affiliation', 'scopus': 'https://www.scopus.com/inward/record.uri?partnerID=HzOxMe3b&scp=85071733445&origin=inward', 'scopus-citedby': 'https://www.scopus.com/inward/citedby.uri?partnerID=HzOxMe3b&scp=85071733445&origin=inward'}",https://api.elsevier.com/content/abstract/scopus_id/85071733445,SCOPUS_ID:85071733445,2-s2.0-85071733445,Machine Learning-assisted Planning and Provisioning for SDN/NFV-enabled Metropolitan Networks,Troia S.,"2019 European Conference on Networks and Communications, EuCNC 2019",,,,,438-442,2019-06-01,June 2019,10.1109/EuCNC.2019.8801956,6,"[{'@_fa': 'true', 'affilname': 'Politecnico di Milano', 'affiliation-city': 'Milan', 'affiliation-country': 'Italy'}]",Conference Proceeding,cp,Conference Paper,21100927288,0,False,"[{'@_fa': 'true', '$': '9781728105468'}]","{'value': [{'$': 'all'}, {'$': 'repository'}, {'$': 'repositoryam'}]}","{'value': [{'$': 'All Open Access'}, {'$': 'Green'}]}",8801956,
true,"{'self': 'https://api.elsevier.com/content/abstract/scopus_id/85070204593', 'author-affiliation': 'https://api.elsevier.com/content/abstract/scopus_id/85070204593?field=author,affiliation', 'scopus': 'https://www.scopus.com/inward/record.uri?partnerID=HzOxMe3b&scp=85070204593&origin=inward', 'scopus-citedby': 'https://www.scopus.com/inward/citedby.uri?partnerID=HzOxMe3b&scp=85070204593&origin=inward'}",https://api.elsevier.com/content/abstract/scopus_id/85070204593,SCOPUS_ID:85070204593,2-s2.0-85070204593,On Congestion Minimization for Service Chain Routing Problems,Gao L.,IEEE International Conference on Communications,15503607,,2019-May,,,2019-05-01,May 2019,10.1109/ICC.2019.8761660,6,"[{'@_fa': 'true', 'affilname': 'NC State University', 'affiliation-city': 'Raleigh', 'affiliation-country': 'United States'}]",Conference Proceeding,cp,Conference Paper,33201,0,False,"[{'@_fa': 'true', '$': '9781538680889'}]",,,8761660,
true,"{'self': 'https://api.elsevier.com/content/abstract/scopus_id/85074694343', 'author-affiliation': 'https://api.elsevier.com/content/abstract/scopus_id/85074694343?field=author,affiliation', 'scopus': 'https://www.scopus.com/inward/record.uri?partnerID=HzOxMe3b&scp=85074694343&origin=inward', 'scopus-citedby': 'https://www.scopus.com/inward/citedby.uri?partnerID=HzOxMe3b&scp=85074694343&origin=inward', 'full-text': 'https://api.elsevier.com/content/article/eid/1-s2.0-S1877050919309482'}",https://api.elsevier.com/content/abstract/scopus_id/85074694343,SCOPUS_ID:85074694343,2-s2.0-85074694343,Container based resource management for data processing on IoT gateways,Ahmed B.,Procedia Computer Science,,18770509,155,,234-241,2019-01-01,2019,10.1016/j.procs.2019.08.034,3,"[{'@_fa': 'true', 'affilname': 'École de Technologie Supérieure', 'affiliation-city': 'Montreal', 'affiliation-country': 'Canada'}]",Conference Proceeding,cp,Conference Paper,19700182801,1,True,,"{'value': [{'$': 'all'}, {'$': 'publisherfullgold'}]}","{'value': [{'$': 'All Open Access'}, {'$': 'Gold'}]}",,S1877050919309482
true,"{'self': 'https://api.elsevier.com/content/abstract/scopus_id/85070673256', 'author-affiliation': 'https://api.elsevier.com/content/abstract/scopus_id/85070673256?field=author,affiliation', 'scopus': 'https://www.scopus.com/inward/record.uri?partnerID=HzOxMe3b&scp=85070673256&origin=inward', 'scopus-citedby': 'https://www.scopus.com/inward/citedby.uri?partnerID=HzOxMe3b&scp=85070673256&origin=inward'}",https://api.elsevier.com/content/abstract/scopus_id/85070673256,SCOPUS_ID:85070673256,2-s2.0-85070673256,Multi-Tenant Cross-Slice Resource Orchestration: A Deep Reinforcement Learning Approach,Chen X.,IEEE Journal on Selected Areas in Communications,07338716,15580008,37,10,2377-2392,2019-01-01,2019,10.1109/JSAC.2019.2933893,54,"[{'@_fa': 'true', 'affilname': 'VTT Technical Research Centre of Finland', 'affiliation-city': 'Espoo', 'affiliation-country': 'Finland'}]",Journal,ar,Article,18902,1,True,,"{'value': [{'$': 'all'}, {'$': 'publisherfree2read'}, {'$': 'repository'}, {'$': 'repositoryam'}]}","{'value': [{'$': 'All Open Access'}, {'$': 'Bronze'}, {'$': 'Green'}]}",8792072,
true,"{'self': 'https://api.elsevier.com/content/abstract/scopus_id/85067546934', 'author-affiliation': 'https://api.elsevier.com/content/abstract/scopus_id/85067546934?field=author,affiliation', 'scopus': 'https://www.scopus.com/inward/record.uri?partnerID=HzOxMe3b&scp=85067546934&origin=inward', 'scopus-citedby': 'https://www.scopus.com/inward/citedby.uri?partnerID=HzOxMe3b&scp=85067546934&origin=inward'}",https://api.elsevier.com/content/abstract/scopus_id/85067546934,SCOPUS_ID:85067546934,2-s2.0-85067546934,Personal Services Placement and Low-Latency Migration in Edge Computing Environments,Bruschi R.,"2018 IEEE Conference on Network Function Virtualization and Software Defined Networks, NFV-SDN 2018",,,,,,2018-11-01,November 2018,10.1109/NFV-SDN.2018.8725635,5,"[{'@_fa': 'true', 'affilname': 'Università degli Studi di Genova', 'affiliation-city': 'Genoa', 'affiliation-country': 'Italy'}]",Conference Proceeding,cp,Conference Paper,21100913129,0,False,"[{'@_fa': 'true', '$': '9781538682814'}]","{'value': [{'$': 'all'}, {'$': 'repository'}, {'$': 'repositoryam'}]}","{'value': [{'$': 'All Open Access'}, {'$': 'Green'}]}",8725635,
true,"{'self': 'https://api.elsevier.com/content/abstract/scopus_id/85056183576', 'author-affiliation': 'https://api.elsevier.com/content/abstract/scopus_id/85056183576?field=author,affiliation', 'scopus': 'https://www.scopus.com/inward/record.uri?partnerID=HzOxMe3b&scp=85056183576&origin=inward', 'scopus-citedby': 'https://www.scopus.com/inward/citedby.uri?partnerID=HzOxMe3b&scp=85056183576&origin=inward'}",https://api.elsevier.com/content/abstract/scopus_id/85056183576,SCOPUS_ID:85056183576,2-s2.0-85056183576,"Dynamic, Latency-Optimal vNF Placement at the Network Edge",Cziva R.,Proceedings - IEEE INFOCOM,0743166X,,2018-April,,693-701,2018-10-08,8 October 2018,10.1109/INFOCOM.2018.8486021,113,"[{'@_fa': 'true', 'affilname': 'University of Glasgow', 'affiliation-city': 'Glasgow', 'affiliation-country': 'United Kingdom'}]",Conference Proceeding,cp,Conference Paper,18204,0,False,"[{'@_fa': 'true', '$': '9781538641286'}]","{'value': [{'$': 'all'}, {'$': 'repository'}, {'$': 'repositoryam'}]}","{'value': [{'$': 'All Open Access'}, {'$': 'Green'}]}",8486021,
true,"{'self': 'https://api.elsevier.com/content/abstract/scopus_id/85055855551', 'author-affiliation': 'https://api.elsevier.com/content/abstract/scopus_id/85055855551?field=author,affiliation', 'scopus': 'https://www.scopus.com/inward/record.uri?partnerID=HzOxMe3b&scp=85055855551&origin=inward', 'scopus-citedby': 'https://www.scopus.com/inward/citedby.uri?partnerID=HzOxMe3b&scp=85055855551&origin=inward'}",https://api.elsevier.com/content/abstract/scopus_id/85055855551,SCOPUS_ID:85055855551,2-s2.0-85055855551,IEEE Workshop on Local and Metropolitan Area Networks,,IEEE Workshop on Local and Metropolitan Area Networks,19440367,19440375,2018-June,,,2018-09-27,27 September 2018,,0,,Conference Proceeding,cr,Conference Review,21100197335,0,False,"[{'@_fa': 'true', '$': '9781538645338'}]",,,,
true,"{'self': 'https://api.elsevier.com/content/abstract/scopus_id/85048725858', 'author-affiliation': 'https://api.elsevier.com/content/abstract/scopus_id/85048725858?field=author,affiliation', 'scopus': 'https://www.scopus.com/inward/record.uri?partnerID=HzOxMe3b&scp=85048725858&origin=inward', 'scopus-citedby': 'https://www.scopus.com/inward/citedby.uri?partnerID=HzOxMe3b&scp=85048725858&origin=inward', 'full-text': 'https://api.elsevier.com/content/article/eid/1-s2.0-S1389128618303578'}",https://api.elsevier.com/content/abstract/scopus_id/85048725858,SCOPUS_ID:85048725858,2-s2.0-85048725858,Optimal orchestration of virtual network functions,Gao M.,Computer Networks,13891286,,142,,108-127,2018-09-04,4 September 2018,10.1016/j.comnet.2018.06.006,27,"[{'@_fa': 'true', 'affilname': 'Université de Lorraine', 'affiliation-city': 'Nancy', 'affiliation-country': 'France'}]",Journal,ar,Article,26811,0,False,,"{'value': [{'$': 'all'}, {'$': 'repository'}, {'$': 'repositoryam'}]}","{'value': [{'$': 'All Open Access'}, {'$': 'Green'}]}",,S1389128618303578
true,"{'self': 'https://api.elsevier.com/content/abstract/scopus_id/85052368589', 'author-affiliation': 'https://api.elsevier.com/content/abstract/scopus_id/85052368589?field=author,affiliation', 'scopus': 'https://www.scopus.com/inward/record.uri?partnerID=HzOxMe3b&scp=85052368589&origin=inward', 'scopus-citedby': 'https://www.scopus.com/inward/citedby.uri?partnerID=HzOxMe3b&scp=85052368589&origin=inward'}",https://api.elsevier.com/content/abstract/scopus_id/85052368589,SCOPUS_ID:85052368589,2-s2.0-85052368589,MOCP: An offloading protocol for mobile cloud and IoT virtualization,Mahmoudi C.,"2018 International Conference on Selected Topics in Mobile and Wireless Networking, MoWNeT 2018",,,,,,2018-08-07,7 August 2018,10.1109/MoWNet.2018.8428923,1,"[{'@_fa': 'true', 'affilname': 'Université Paris-Est Créteil', 'affiliation-city': 'Creteil', 'affiliation-country': 'France'}]",Conference Proceeding,cp,Conference Paper,21100875052,0,False,"[{'@_fa': 'true', '$': '9781538642481'}]",,,8428923,
true,"{'self': 'https://api.elsevier.com/content/abstract/scopus_id/85048750441', 'author-affiliation': 'https://api.elsevier.com/content/abstract/scopus_id/85048750441?field=author,affiliation', 'scopus': 'https://www.scopus.com/inward/record.uri?partnerID=HzOxMe3b&scp=85048750441&origin=inward', 'scopus-citedby': 'https://www.scopus.com/inward/citedby.uri?partnerID=HzOxMe3b&scp=85048750441&origin=inward'}",https://api.elsevier.com/content/abstract/scopus_id/85048750441,SCOPUS_ID:85048750441,2-s2.0-85048750441,Formal definition of edge computing: An emphasis on mobile cloud and IoT composition,Mahmoudi C.,"2018 3rd International Conference on Fog and Mobile Edge Computing, FMEC 2018",,,,,34-42,2018-05-23,23 May 2018,10.1109/FMEC.2018.8364042,10,"[{'@_fa': 'true', 'affilname': 'Université Paris-Est Créteil', 'affiliation-city': 'Creteil', 'affiliation-country': 'France'}, {'@_fa': 'true', 'affilname': 'National Institute of Standards and Technology', 'affiliation-city': 'Gaithersburg', 'affiliation-country': 'United States'}]",Conference Proceeding,cp,Conference Paper,21100865173,0,False,"[{'@_fa': 'true', '$': '9781538658963'}]",,,,
true,"{'self': 'https://api.elsevier.com/content/abstract/scopus_id/85048058710', 'author-affiliation': 'https://api.elsevier.com/content/abstract/scopus_id/85048058710?field=author,affiliation', 'scopus': 'https://www.scopus.com/inward/record.uri?partnerID=HzOxMe3b&scp=85048058710&origin=inward', 'scopus-citedby': 'https://www.scopus.com/inward/citedby.uri?partnerID=HzOxMe3b&scp=85048058710&origin=inward'}",https://api.elsevier.com/content/abstract/scopus_id/85048058710,SCOPUS_ID:85048058710,2-s2.0-85048058710,An agent-based network resource management concept for smart city services,Sahinel D.,"2018 14th Annual Conference on Wireless On-Demand Network Systems and Services, WONS 2018 - Proceedings",,,2018-January,,126-132,2018-03-09,9 March 2018,10.23919/WONS.2018.8311675,2,"[{'@_fa': 'true', 'affilname': 'GT-ARC Gemeinnützige GmbH', 'affiliation-city': 'Berlin', 'affiliation-country': 'Germany'}]",Conference Proceeding,cp,Conference Paper,21100863050,0,False,"[{'@_fa': 'true', '$': '9783903176010'}]",,,,
true,"{'self': 'https://api.elsevier.com/content/abstract/scopus_id/85049305839', 'author-affiliation': 'https://api.elsevier.com/content/abstract/scopus_id/85049305839?field=author,affiliation', 'scopus': 'https://www.scopus.com/inward/record.uri?partnerID=HzOxMe3b&scp=85049305839&origin=inward', 'scopus-citedby': 'https://www.scopus.com/inward/citedby.uri?partnerID=HzOxMe3b&scp=85049305839&origin=inward'}",https://api.elsevier.com/content/abstract/scopus_id/85049305839,SCOPUS_ID:85049305839,2-s2.0-85049305839,"15th International Conference on Services Computing, SCC 2018, Held as Part of the Services Conference Federation, SCF 2018",,Lecture Notes in Computer Science (including subseries Lecture Notes in Artificial Intelligence and Lecture Notes in Bioinformatics),03029743,16113349,10969 LNCS,,,2018-01-01,2018,,0,,Book Series,cr,Conference Review,25674,0,False,"[{'@_fa': 'true', '$': '9783319943756'}]",,,,
true,"{'self': 'https://api.elsevier.com/content/abstract/scopus_id/85032747524', 'author-affiliation': 'https://api.elsevier.com/content/abstract/scopus_id/85032747524?field=author,affiliation', 'scopus': 'https://www.scopus.com/inward/record.uri?partnerID=HzOxMe3b&scp=85032747524&origin=inward', 'scopus-citedby': 'https://www.scopus.com/inward/citedby.uri?partnerID=HzOxMe3b&scp=85032747524&origin=inward'}",https://api.elsevier.com/content/abstract/scopus_id/85032747524,SCOPUS_ID:85032747524,2-s2.0-85032747524,Service mapping and orchestration over multi-tenant cloud-enabled RAN,Khodashenas P.S.,IEEE Transactions on Network and Service Management,19324537,,14,4,904-919,2017-12-01,December 2017,10.1109/TNSM.2017.2767100,15,"[{'@_fa': 'true', 'affilname': 'I2CAT Foundation', 'affiliation-city': 'Barcelona', 'affiliation-country': 'Spain'}]",Journal,ar,Article,7200153156,0,False,,,,,
true,"{'self': 'https://api.elsevier.com/content/abstract/scopus_id/85046281944', 'author-affiliation': 'https://api.elsevier.com/content/abstract/scopus_id/85046281944?field=author,affiliation', 'scopus': 'https://www.scopus.com/inward/record.uri?partnerID=HzOxMe3b&scp=85046281944&origin=inward', 'scopus-citedby': 'https://www.scopus.com/inward/citedby.uri?partnerID=HzOxMe3b&scp=85046281944&origin=inward'}",https://api.elsevier.com/content/abstract/scopus_id/85046281944,SCOPUS_ID:85046281944,2-s2.0-85046281944,Match fixing network analysis to verify nearness among internal participants of a cricket match,Ananthapadmanabha K.,"RTEICT 2017 - 2nd IEEE International Conference on Recent Trends in Electronics, Information and Communication Technology, Proceedings",,,2018-January,,1043-1048,2017-07-01,1 July 2017,10.1109/RTEICT.2017.8256758,2,"[{'@_fa': 'true', 'affilname': 'Rayalaseem University', 'affiliation-city': 'Kurnool', 'affiliation-country': 'India'}]",Conference Proceeding,cp,Conference Paper,21100933061,0,False,"[{'@_fa': 'true', '$': '9781509037049'}]",,,,
true,"{'self': 'https://api.elsevier.com/content/abstract/scopus_id/85054325745', 'author-affiliation': 'https://api.elsevier.com/content/abstract/scopus_id/85054325745?field=author,affiliation', 'scopus': 'https://www.scopus.com/inward/record.uri?partnerID=HzOxMe3b&scp=85054325745&origin=inward', 'scopus-citedby': 'https://www.scopus.com/inward/citedby.uri?partnerID=HzOxMe3b&scp=85054325745&origin=inward'}",https://api.elsevier.com/content/abstract/scopus_id/85054325745,SCOPUS_ID:85054325745,2-s2.0-85054325745,Combinatorial auction-based resource allocation in the fog,Fawcett L.,"Proceedings - European Workshop on Software-Defined Networks, EWSDN",23790350,23790369,2016-October,,62-63,2017-06-22,22 June 2017,10.1109/EWSDN.2016.16,10,"[{'@_fa': 'true', 'affilname': 'School of Computing and Communications, Lancaster University', 'affiliation-city': 'Lancaster', 'affiliation-country': 'United Kingdom'}]",Conference Proceeding,cp,Conference Paper,21100879726,0,False,"[{'@_fa': 'true', '$': '9781509061464'}]","{'value': [{'$': 'all'}, {'$': 'repository'}, {'$': 'repositoryam'}]}","{'value': [{'$': 'All Open Access'}, {'$': 'Green'}]}",7956056,
true,"{'self': 'https://api.elsevier.com/content/abstract/scopus_id/85028529556', 'author-affiliation': 'https://api.elsevier.com/content/abstract/scopus_id/85028529556?field=author,affiliation', 'scopus': 'https://www.scopus.com/inward/record.uri?partnerID=HzOxMe3b&scp=85028529556&origin=inward', 'scopus-citedby': 'https://www.scopus.com/inward/citedby.uri?partnerID=HzOxMe3b&scp=85028529556&origin=inward'}",https://api.elsevier.com/content/abstract/scopus_id/85028529556,SCOPUS_ID:85028529556,2-s2.0-85028529556,A service orchestration architecture for Fog-enabled infrastructures,De Brito M.S.,"2017 2nd International Conference on Fog and Mobile Edge Computing, FMEC 2017",,,,,127-132,2017-06-12,12 June 2017,10.1109/FMEC.2017.7946419,53,"[{'@_fa': 'true', 'affilname': 'Technische Universität Berlin', 'affiliation-city': 'Berlin', 'affiliation-country': 'Germany'}]",Conference Proceeding,cp,Conference Paper,21100828714,0,False,"[{'@_fa': 'true', '$': '9781538628591'}]",,,7946419,
true,"{'self': 'https://api.elsevier.com/content/abstract/scopus_id/85028351437', 'author-affiliation': 'https://api.elsevier.com/content/abstract/scopus_id/85028351437?field=author,affiliation', 'scopus': 'https://www.scopus.com/inward/record.uri?partnerID=HzOxMe3b&scp=85028351437&origin=inward', 'scopus-citedby': 'https://www.scopus.com/inward/citedby.uri?partnerID=HzOxMe3b&scp=85028351437&origin=inward'}",https://api.elsevier.com/content/abstract/scopus_id/85028351437,SCOPUS_ID:85028351437,2-s2.0-85028351437,Design of virtual infrastructure manager with novel VNF placement features for edge clouds in 5G,Solozabal R.,Communications in Computer and Information Science,18650929,,744,,669-679,2017-01-01,2017,10.1007/978-3-319-65172-9_56,6,"[{'@_fa': 'true', 'affilname': 'Universidad del Pais Vasco', 'affiliation-city': 'Leioa', 'affiliation-country': 'Spain'}]",Book Series,cp,Conference Paper,17700155007,0,False,"[{'@_fa': 'true', '$': '9783319651712'}]",,,,
true,"{'self': 'https://api.elsevier.com/content/abstract/scopus_id/84994158989', 'author-affiliation': 'https://api.elsevier.com/content/abstract/scopus_id/84994158989?field=author,affiliation', 'scopus': 'https://www.scopus.com/inward/record.uri?partnerID=HzOxMe3b&scp=84994158989&origin=inward', 'scopus-citedby': 'https://www.scopus.com/inward/citedby.uri?partnerID=HzOxMe3b&scp=84994158989&origin=inward'}",https://api.elsevier.com/content/abstract/scopus_id/84994158989,SCOPUS_ID:84994158989,2-s2.0-84994158989,Offloading personal security applications to the Network Edge: A mobile user case scenario,Montero D.,"2016 International Wireless Communications and Mobile Computing Conference, IWCMC 2016",,,,,96-101,2016-09-26,26 September 2016,10.1109/IWCMC.2016.7577040,11,"[{'@_fa': 'true', 'affilname': 'University of Cuenca', 'affiliation-city': 'Cuenca', 'affiliation-country': 'Ecuador'}, {'@_fa': 'true', 'affilname': 'Universitat Politècnica de Catalunya', 'affiliation-city': 'Barcelona', 'affiliation-country': 'Spain'}]",Conference Proceeding,cp,Conference Paper,21100784242,0,False,"[{'@_fa': 'true', '$': '9781509003044'}]","{'value': [{'$': 'all'}, {'$': 'repository'}, {'$': 'repositoryvor'}]}","{'value': [{'$': 'All Open Access'}, {'$': 'Green'}]}",7577040,
true,"{'self': 'https://api.elsevier.com/content/abstract/scopus_id/84947250375', 'author-affiliation': 'https://api.elsevier.com/content/abstract/scopus_id/84947250375?field=author,affiliation', 'scopus': 'https://www.scopus.com/inward/record.uri?partnerID=HzOxMe3b&scp=84947250375&origin=inward', 'scopus-citedby': 'https://www.scopus.com/inward/citedby.uri?partnerID=HzOxMe3b&scp=84947250375&origin=inward'}",https://api.elsevier.com/content/abstract/scopus_id/84947250375,SCOPUS_ID:84947250375,2-s2.0-84947250375,Learning-based QoS control algorithms for next generation internet of things,Kim S.,Mobile Information Systems,1574017X,1875905X,2015,,,2015-01-22,22 January 2015,10.1155/2015/605357,5,"[{'@_fa': 'true', 'affilname': 'Sogang University', 'affiliation-city': 'Seoul', 'affiliation-country': 'South Korea'}]",Journal,ar,Article,19700174653,1,True,,"{'value': [{'$': 'all'}, {'$': 'publisherfullgold'}, {'$': 'repository'}, {'$': 'repositoryam'}]}","{'value': [{'$': 'All Open Access'}, {'$': 'Gold'}, {'$': 'Green'}]}",605357,
