@_fa,link,prism:url,dc:identifier,eid,dc:title,dc:creator,prism:publicationName,prism:issn,prism:volume,prism:pageRange,prism:coverDate,prism:coverDisplayDate,prism:doi,pii,citedby-count,affiliation,prism:aggregationType,subtype,subtypeDescription,article-number,source-id,openaccess,openaccessFlag,prism:eIssn,freetoread,freetoreadLabel,prism:issueIdentifier,pubmed-id,prism:isbn
true,"{'self': 'https://api.elsevier.com/content/abstract/scopus_id/85121903251', 'author-affiliation': 'https://api.elsevier.com/content/abstract/scopus_id/85121903251?field=author,affiliation', 'scopus': 'https://www.scopus.com/inward/record.uri?partnerID=HzOxMe3b&scp=85121903251&origin=inward', 'scopus-citedby': 'https://www.scopus.com/inward/citedby.uri?partnerID=HzOxMe3b&scp=85121903251&origin=inward', 'full-text': 'https://api.elsevier.com/content/article/eid/1-s2.0-S1389128621005405'}",https://api.elsevier.com/content/abstract/scopus_id/85121903251,SCOPUS_ID:85121903251,2-s2.0-85121903251,Evaluating Federated Learning for intrusion detection in Internet of Things: Review and challenges,Campos E.M.,Computer Networks,13891286,203,,2022-02-11,11 February 2022,10.1016/j.comnet.2021.108661,S1389128621005405,0,"[{'@_fa': 'true', 'affilname': 'Universidad de Murcia', 'affiliation-city': 'Murcia', 'affiliation-country': 'Spain'}]",Journal,ar,Article,108661,26811,1,True,,"{'value': [{'$': 'all'}, {'$': 'publisherhybridgold'}, {'$': 'repository'}, {'$': 'repositoryam'}]}","{'value': [{'$': 'All Open Access'}, {'$': 'Hybrid Gold'}, {'$': 'Green'}]}",,,
true,"{'self': 'https://api.elsevier.com/content/abstract/scopus_id/85124648273', 'author-affiliation': 'https://api.elsevier.com/content/abstract/scopus_id/85124648273?field=author,affiliation', 'scopus': 'https://www.scopus.com/inward/record.uri?partnerID=HzOxMe3b&scp=85124648273&origin=inward', 'scopus-citedby': 'https://www.scopus.com/inward/citedby.uri?partnerID=HzOxMe3b&scp=85124648273&origin=inward'}",https://api.elsevier.com/content/abstract/scopus_id/85124648273,SCOPUS_ID:85124648273,2-s2.0-85124648273,Spatial Positioning Token (SPToken) for Smart Mobility,Overko R.,IEEE Transactions on Intelligent Transportation Systems,15249050,23,1529-1542,2022-02-01,1 February 2022,10.1109/TITS.2020.3029537,,0,"[{'@_fa': 'true', 'affilname': 'University College Dublin', 'affiliation-city': 'Dublin', 'affiliation-country': 'Ireland'}]",Journal,ar,Article,,18378,0,False,15580016,"{'value': [{'$': 'all'}, {'$': 'repository'}, {'$': 'repositoryam'}]}","{'value': [{'$': 'All Open Access'}, {'$': 'Green'}]}",2,,
true,"{'self': 'https://api.elsevier.com/content/abstract/scopus_id/85124514854', 'author-affiliation': 'https://api.elsevier.com/content/abstract/scopus_id/85124514854?field=author,affiliation', 'scopus': 'https://www.scopus.com/inward/record.uri?partnerID=HzOxMe3b&scp=85124514854&origin=inward', 'scopus-citedby': 'https://www.scopus.com/inward/citedby.uri?partnerID=HzOxMe3b&scp=85124514854&origin=inward'}",https://api.elsevier.com/content/abstract/scopus_id/85124514854,SCOPUS_ID:85124514854,2-s2.0-85124514854,Spatial Determinants of Real Estate Appraisals in The Netherlands: A Machine Learning Approach,Guliker E.,ISPRS International Journal of Geo-Information,,11,,2022-02-01,February 2022,10.3390/ijgi11020125,,0,"[{'@_fa': 'true', 'affilname': 'Universiteit Twente', 'affiliation-city': 'Enschede', 'affiliation-country': 'Netherlands'}, {'@_fa': 'true', 'affilname': 'Stater N.V', 'affiliation-city': 'Amersfoort', 'affiliation-country': 'Netherlands'}]",Journal,ar,Article,125,21100427639,1,True,22209964,"{'value': [{'$': 'all'}, {'$': 'publisherfullgold'}]}","{'value': [{'$': 'All Open Access'}, {'$': 'Gold'}]}",2,,
true,"{'self': 'https://api.elsevier.com/content/abstract/scopus_id/85124038873', 'author-affiliation': 'https://api.elsevier.com/content/abstract/scopus_id/85124038873?field=author,affiliation', 'scopus': 'https://www.scopus.com/inward/record.uri?partnerID=HzOxMe3b&scp=85124038873&origin=inward', 'scopus-citedby': 'https://www.scopus.com/inward/citedby.uri?partnerID=HzOxMe3b&scp=85124038873&origin=inward'}",https://api.elsevier.com/content/abstract/scopus_id/85124038873,SCOPUS_ID:85124038873,2-s2.0-85124038873,"Digital Twins in Built Environments: An Investigation of the Characteristics, Applications, and Challenges",Shahzad M.,Buildings,,12,,2022-02-01,February 2022,10.3390/buildings12020120,,0,"[{'@_fa': 'true', 'affilname': 'Foundation Property Management (FPM)', 'affiliation-city': 'Abu Dhabi', 'affiliation-country': 'United Arab Emirates'}]",Journal,ar,Article,120,26980,1,True,20755309,"{'value': [{'$': 'all'}, {'$': 'publisherfullgold'}, {'$': 'repository'}, {'$': 'repositoryam'}]}","{'value': [{'$': 'All Open Access'}, {'$': 'Gold'}, {'$': 'Green'}]}",2,,
true,"{'self': 'https://api.elsevier.com/content/abstract/scopus_id/85123966321', 'author-affiliation': 'https://api.elsevier.com/content/abstract/scopus_id/85123966321?field=author,affiliation', 'scopus': 'https://www.scopus.com/inward/record.uri?partnerID=HzOxMe3b&scp=85123966321&origin=inward', 'scopus-citedby': 'https://www.scopus.com/inward/citedby.uri?partnerID=HzOxMe3b&scp=85123966321&origin=inward'}",https://api.elsevier.com/content/abstract/scopus_id/85123966321,SCOPUS_ID:85123966321,2-s2.0-85123966321,Real-world indoor mobility with simulated prosthetic vision: The benefits and feasibility of contour-based scene simplification at different phosphene resolutions,de Ruyter van Steveninck J.,Journal of vision,,22,1,2022-02-01,1 February 2022,10.1167/jov.22.2.1,,0,"[{'@_fa': 'true', 'affilname': 'Donders Institute for Brain, Cognition and Behaviour', 'affiliation-city': 'Nijmegen', 'affiliation-country': 'Netherlands'}]",Journal,ar,Article,,14509,1,True,15347362,"{'value': [{'$': 'all'}, {'$': 'publisherfullgold'}, {'$': 'repository'}, {'$': 'repositoryam'}]}","{'value': [{'$': 'All Open Access'}, {'$': 'Gold'}, {'$': 'Green'}]}",2,35103758,
true,"{'self': 'https://api.elsevier.com/content/abstract/scopus_id/85123575661', 'author-affiliation': 'https://api.elsevier.com/content/abstract/scopus_id/85123575661?field=author,affiliation', 'scopus': 'https://www.scopus.com/inward/record.uri?partnerID=HzOxMe3b&scp=85123575661&origin=inward', 'scopus-citedby': 'https://www.scopus.com/inward/citedby.uri?partnerID=HzOxMe3b&scp=85123575661&origin=inward'}",https://api.elsevier.com/content/abstract/scopus_id/85123575661,SCOPUS_ID:85123575661,2-s2.0-85123575661,Incorporating Multi-Source Urban Data for Personalized and Context-Aware Multi-Modal Transportation Recommendation,Liu H.,IEEE Transactions on Knowledge and Data Engineering,10414347,34,723-735,2022-02-01,1 February 2022,10.1109/TKDE.2020.2985954,,0,"[{'@_fa': 'true', 'affilname': 'Baidu, Inc.', 'affiliation-city': 'Beijing', 'affiliation-country': 'China'}]",Journal,ar,Article,,17362,0,False,15582191,,,2,,
true,"{'self': 'https://api.elsevier.com/content/abstract/scopus_id/85122864056', 'author-affiliation': 'https://api.elsevier.com/content/abstract/scopus_id/85122864056?field=author,affiliation', 'scopus': 'https://www.scopus.com/inward/record.uri?partnerID=HzOxMe3b&scp=85122864056&origin=inward', 'scopus-citedby': 'https://www.scopus.com/inward/citedby.uri?partnerID=HzOxMe3b&scp=85122864056&origin=inward'}",https://api.elsevier.com/content/abstract/scopus_id/85122864056,SCOPUS_ID:85122864056,2-s2.0-85122864056,"Recent Studies Utilizing Artificial Intelligence Techniques for Solving Data Collection, Aggregation and Dissemination Challenges in Wireless Sensor Networks: A Review",Osamy W.,Electronics (Switzerland),,11,,2022-02-01,February-1 2022,10.3390/electronics11030313,,0,"[{'@_fa': 'true', 'affilname': 'Benha University', 'affiliation-city': 'Benha', 'affiliation-country': 'Egypt'}]",Journal,ar,Article,313,21100829272,1,True,20799292,"{'value': [{'$': 'all'}, {'$': 'publisherfullgold'}]}","{'value': [{'$': 'All Open Access'}, {'$': 'Gold'}]}",3,,
true,"{'self': 'https://api.elsevier.com/content/abstract/scopus_id/85120521703', 'author-affiliation': 'https://api.elsevier.com/content/abstract/scopus_id/85120521703?field=author,affiliation', 'scopus': 'https://www.scopus.com/inward/record.uri?partnerID=HzOxMe3b&scp=85120521703&origin=inward', 'scopus-citedby': 'https://www.scopus.com/inward/citedby.uri?partnerID=HzOxMe3b&scp=85120521703&origin=inward', 'full-text': 'https://api.elsevier.com/content/article/eid/1-s2.0-S0034425721005290'}",https://api.elsevier.com/content/abstract/scopus_id/85120521703,SCOPUS_ID:85120521703,2-s2.0-85120521703,MethaNet – An AI-driven approach to quantifying methane point-source emission from high-resolution 2-D plume imagery,Jongaramrungruang S.,Remote Sensing of Environment,00344257,269,,2022-02-01,February 2022,10.1016/j.rse.2021.112809,S0034425721005290,0,"[{'@_fa': 'true', 'affilname': 'Division of Geological and Planetary Sciences', 'affiliation-city': 'Pasadena', 'affiliation-country': 'United States'}]",Journal,ar,Article,112809,12503,0,False,,,,,,
true,"{'self': 'https://api.elsevier.com/content/abstract/scopus_id/85120435814', 'author-affiliation': 'https://api.elsevier.com/content/abstract/scopus_id/85120435814?field=author,affiliation', 'scopus': 'https://www.scopus.com/inward/record.uri?partnerID=HzOxMe3b&scp=85120435814&origin=inward', 'scopus-citedby': 'https://www.scopus.com/inward/citedby.uri?partnerID=HzOxMe3b&scp=85120435814&origin=inward', 'full-text': 'https://api.elsevier.com/content/article/eid/1-s2.0-S0098300421002934'}",https://api.elsevier.com/content/abstract/scopus_id/85120435814,SCOPUS_ID:85120435814,2-s2.0-85120435814,GeospatialVR: A web-based virtual reality framework for collaborative environmental simulations,Sermet Y.,Computers and Geosciences,00983004,159,,2022-02-01,February 2022,10.1016/j.cageo.2021.105010,S0098300421002934,1,"[{'@_fa': 'true', 'affilname': 'University of Iowa', 'affiliation-city': 'Iowa City', 'affiliation-country': 'United States'}]",Journal,ar,Article,105010,110327,0,False,,"{'value': [{'$': 'all'}, {'$': 'repository'}, {'$': 'repositoryam'}]}","{'value': [{'$': 'All Open Access'}, {'$': 'Green'}]}",,,
true,"{'self': 'https://api.elsevier.com/content/abstract/scopus_id/85120052266', 'author-affiliation': 'https://api.elsevier.com/content/abstract/scopus_id/85120052266?field=author,affiliation', 'scopus': 'https://www.scopus.com/inward/record.uri?partnerID=HzOxMe3b&scp=85120052266&origin=inward', 'scopus-citedby': 'https://www.scopus.com/inward/citedby.uri?partnerID=HzOxMe3b&scp=85120052266&origin=inward', 'full-text': 'https://api.elsevier.com/content/article/eid/1-s2.0-S2210670721008258'}",https://api.elsevier.com/content/abstract/scopus_id/85120052266,SCOPUS_ID:85120052266,2-s2.0-85120052266,Assessment of sustainable development objectives in Smart Labs: technology and sustainability at the service of society,Verdejo Á.,Sustainable Cities and Society,22106707,77,,2022-02-01,February 2022,10.1016/j.scs.2021.103559,S2210670721008258,0,"[{'@_fa': 'true', 'affilname': 'Universidad de Jaén', 'affiliation-city': 'Jaen', 'affiliation-country': 'Spain'}]",Journal,ar,Article,103559,19700194105,0,False,,,,,,
true,"{'self': 'https://api.elsevier.com/content/abstract/scopus_id/85119422439', 'author-affiliation': 'https://api.elsevier.com/content/abstract/scopus_id/85119422439?field=author,affiliation', 'scopus': 'https://www.scopus.com/inward/record.uri?partnerID=HzOxMe3b&scp=85119422439&origin=inward', 'scopus-citedby': 'https://www.scopus.com/inward/citedby.uri?partnerID=HzOxMe3b&scp=85119422439&origin=inward', 'full-text': 'https://api.elsevier.com/content/article/eid/1-s2.0-S2214212621002349'}",https://api.elsevier.com/content/abstract/scopus_id/85119422439,SCOPUS_ID:85119422439,2-s2.0-85119422439,AICrit: A unified framework for real-time anomaly detection in water treatment plants,Gauthama Raman M.R.,Journal of Information Security and Applications,22142134,64,,2022-02-01,February 2022,10.1016/j.jisa.2021.103046,S2214212621002349,0,"[{'@_fa': 'true', 'affilname': 'Singapore University of Technology and Design', 'affiliation-city': None, 'affiliation-country': 'Singapore'}]",Journal,ar,Article,103046,21100332403,0,False,22142126,,,,,
true,"{'self': 'https://api.elsevier.com/content/abstract/scopus_id/85119066285', 'author-affiliation': 'https://api.elsevier.com/content/abstract/scopus_id/85119066285?field=author,affiliation', 'scopus': 'https://www.scopus.com/inward/record.uri?partnerID=HzOxMe3b&scp=85119066285&origin=inward', 'scopus-citedby': 'https://www.scopus.com/inward/citedby.uri?partnerID=HzOxMe3b&scp=85119066285&origin=inward', 'full-text': 'https://api.elsevier.com/content/article/eid/1-s2.0-S0306261921014136'}",https://api.elsevier.com/content/abstract/scopus_id/85119066285,SCOPUS_ID:85119066285,2-s2.0-85119066285,An online energy management system for AC/DC residential microgrids supported by non-intrusive load monitoring,Çimen H.,Applied Energy,03062619,307,,2022-02-01,1 February 2022,10.1016/j.apenergy.2021.118136,S0306261921014136,0,"[{'@_fa': 'true', 'affilname': 'Aalborg University', 'affiliation-city': 'Aalborg', 'affiliation-country': 'Denmark'}]",Journal,ar,Article,118136,28801,1,True,,"{'value': [{'$': 'all'}, {'$': 'publisherhybridgold'}]}","{'value': [{'$': 'All Open Access'}, {'$': 'Hybrid Gold'}]}",,,
true,"{'self': 'https://api.elsevier.com/content/abstract/scopus_id/85118989110', 'author-affiliation': 'https://api.elsevier.com/content/abstract/scopus_id/85118989110?field=author,affiliation', 'scopus': 'https://www.scopus.com/inward/record.uri?partnerID=HzOxMe3b&scp=85118989110&origin=inward', 'scopus-citedby': 'https://www.scopus.com/inward/citedby.uri?partnerID=HzOxMe3b&scp=85118989110&origin=inward', 'full-text': 'https://api.elsevier.com/content/article/eid/1-s2.0-S0001457521005042'}",https://api.elsevier.com/content/abstract/scopus_id/85118989110,SCOPUS_ID:85118989110,2-s2.0-85118989110,Mining patterns of autonomous vehicle crashes involving vulnerable road users to understand the associated factors,Kutela B.,Accident Analysis and Prevention,00014575,165,,2022-02-01,February 2022,10.1016/j.aap.2021.106473,S0001457521005042,0,"[{'@_fa': 'true', 'affilname': 'Texas Transportation Institute', 'affiliation-city': 'College Station', 'affiliation-country': 'United States'}]",Journal,ar,Article,106473,19532,0,False,,,,,34774280,
true,"{'self': 'https://api.elsevier.com/content/abstract/scopus_id/85117331443', 'author-affiliation': 'https://api.elsevier.com/content/abstract/scopus_id/85117331443?field=author,affiliation', 'scopus': 'https://www.scopus.com/inward/record.uri?partnerID=HzOxMe3b&scp=85117331443&origin=inward', 'scopus-citedby': 'https://www.scopus.com/inward/citedby.uri?partnerID=HzOxMe3b&scp=85117331443&origin=inward', 'full-text': 'https://api.elsevier.com/content/article/eid/1-s2.0-S0951832021006153'}",https://api.elsevier.com/content/abstract/scopus_id/85117331443,SCOPUS_ID:85117331443,2-s2.0-85117331443,Prognostics and Health Management (PHM): Where are we and where do we (need to) go in theory and practice,Zio E.,Reliability Engineering and System Safety,09518320,218,,2022-02-01,February 2022,10.1016/j.ress.2021.108119,S0951832021006153,2,"[{'@_fa': 'true', 'affilname': 'Mines ParisTech', 'affiliation-city': 'Paris', 'affiliation-country': 'France'}, {'@_fa': 'true', 'affilname': 'Politecnico di Milano', 'affiliation-city': 'Milan', 'affiliation-country': 'Italy'}]",Journal,ar,Article,108119,13853,0,False,,,,,,
true,"{'self': 'https://api.elsevier.com/content/abstract/scopus_id/85102815390', 'author-affiliation': 'https://api.elsevier.com/content/abstract/scopus_id/85102815390?field=author,affiliation', 'scopus': 'https://www.scopus.com/inward/record.uri?partnerID=HzOxMe3b&scp=85102815390&origin=inward', 'scopus-citedby': 'https://www.scopus.com/inward/citedby.uri?partnerID=HzOxMe3b&scp=85102815390&origin=inward'}",https://api.elsevier.com/content/abstract/scopus_id/85102815390,SCOPUS_ID:85102815390,2-s2.0-85102815390,On Training Traffic Predictors via Broad Learning Structures: A Benchmark Study,Liu D.,"IEEE Transactions on Systems, Man, and Cybernetics: Systems",21682216,52,749-758,2022-02-01,1 February 2022,10.1109/TSMC.2020.3006124,,2,"[{'@_fa': 'true', 'affilname': 'Southeast University', 'affiliation-city': 'Nanjing', 'affiliation-country': 'China'}]",Journal,ar,Article,,21100262320,0,False,21682232,,,2,,
true,"{'self': 'https://api.elsevier.com/content/abstract/scopus_id/85101742423', 'author-affiliation': 'https://api.elsevier.com/content/abstract/scopus_id/85101742423?field=author,affiliation', 'scopus': 'https://www.scopus.com/inward/record.uri?partnerID=HzOxMe3b&scp=85101742423&origin=inward', 'scopus-citedby': 'https://www.scopus.com/inward/citedby.uri?partnerID=HzOxMe3b&scp=85101742423&origin=inward'}",https://api.elsevier.com/content/abstract/scopus_id/85101742423,SCOPUS_ID:85101742423,2-s2.0-85101742423,Domain-Invariant Similarity Activation Map Contrastive Learning for Retrieval-Based Long-Term Visual Localization,Hu H.,IEEE/CAA Journal of Automatica Sinica,23299266,9,313-328,2022-02-01,1 February 2022,10.1109/JAS.2021.1003907,,0,"[{'@_fa': 'true', 'affilname': 'Shanghai Jiao Tong University', 'affiliation-city': 'Shanghai', 'affiliation-country': 'China'}]",Journal,ar,Article,,21100367773,0,False,23299274,"{'value': [{'$': 'all'}, {'$': 'repository'}, {'$': 'repositoryam'}]}","{'value': [{'$': 'All Open Access'}, {'$': 'Green'}]}",2,,
true,"{'self': 'https://api.elsevier.com/content/abstract/scopus_id/85118500250', 'author-affiliation': 'https://api.elsevier.com/content/abstract/scopus_id/85118500250?field=author,affiliation', 'scopus': 'https://www.scopus.com/inward/record.uri?partnerID=HzOxMe3b&scp=85118500250&origin=inward', 'scopus-citedby': 'https://www.scopus.com/inward/citedby.uri?partnerID=HzOxMe3b&scp=85118500250&origin=inward', 'full-text': 'https://api.elsevier.com/content/article/eid/1-s2.0-S0925400521015264'}",https://api.elsevier.com/content/abstract/scopus_id/85118500250,SCOPUS_ID:85118500250,2-s2.0-85118500250,From air quality sensors to sensor networks: Things we need to learn,Li Y.,Sensors and Actuators B: Chemical,09254005,351,,2022-01-15,15 January 2022,10.1016/j.snb.2021.130958,S0925400521015264,0,"[{'@_fa': 'true', 'affilname': 'SailBri Cooper Inc.', 'affiliation-city': 'Tigard', 'affiliation-country': 'United States'}]",Journal,ar,Article,130958,25236,0,False,,,,,,
true,"{'self': 'https://api.elsevier.com/content/abstract/scopus_id/85124677666', 'author-affiliation': 'https://api.elsevier.com/content/abstract/scopus_id/85124677666?field=author,affiliation', 'scopus': 'https://www.scopus.com/inward/record.uri?partnerID=HzOxMe3b&scp=85124677666&origin=inward', 'scopus-citedby': 'https://www.scopus.com/inward/citedby.uri?partnerID=HzOxMe3b&scp=85124677666&origin=inward'}",https://api.elsevier.com/content/abstract/scopus_id/85124677666,SCOPUS_ID:85124677666,2-s2.0-85124677666,ASM-ROBOT: A Cyber-Physical Home Automation Controller with Memristive Reconfigurable State Machine,Okafor K.C.,International Journal of Advanced Computer Science and Applications,2158107X,13,896-912,2022-01-01,2022,10.14569/IJACSA.2022.01301103,,0,"[{'@_fa': 'true', 'affilname': 'Federal University of Technology, Owerri', 'affiliation-city': 'Owerri', 'affiliation-country': 'Nigeria'}, {'@_fa': 'true', 'affilname': 'University of Johannesburg', 'affiliation-city': 'Johannesburg', 'affiliation-country': 'South Africa'}]",Journal,ar,Article,,21100867241,1,True,21565570,"{'value': [{'$': 'all'}, {'$': 'publisherfullgold'}]}","{'value': [{'$': 'All Open Access'}, {'$': 'Gold'}]}",1,,
true,"{'self': 'https://api.elsevier.com/content/abstract/scopus_id/85124255382', 'author-affiliation': 'https://api.elsevier.com/content/abstract/scopus_id/85124255382?field=author,affiliation', 'scopus': 'https://www.scopus.com/inward/record.uri?partnerID=HzOxMe3b&scp=85124255382&origin=inward', 'scopus-citedby': 'https://www.scopus.com/inward/citedby.uri?partnerID=HzOxMe3b&scp=85124255382&origin=inward'}",https://api.elsevier.com/content/abstract/scopus_id/85124255382,SCOPUS_ID:85124255382,2-s2.0-85124255382,Active Learning for Deep Gaussian Process Surrogates,Sauer A.,Technometrics,00401706,,,2022-01-01,2022,10.1080/00401706.2021.2008505,,0,"[{'@_fa': 'true', 'affilname': 'Virginia Polytechnic Institute and State University', 'affiliation-city': 'Blacksburg', 'affiliation-country': 'United States'}]",Journal,ar,Article,,14567,0,False,15372723,"{'value': [{'$': 'all'}, {'$': 'repository'}, {'$': 'repositoryam'}]}","{'value': [{'$': 'All Open Access'}, {'$': 'Green'}]}",,,
true,"{'self': 'https://api.elsevier.com/content/abstract/scopus_id/85124252552', 'author-affiliation': 'https://api.elsevier.com/content/abstract/scopus_id/85124252552?field=author,affiliation', 'scopus': 'https://www.scopus.com/inward/record.uri?partnerID=HzOxMe3b&scp=85124252552&origin=inward', 'scopus-citedby': 'https://www.scopus.com/inward/citedby.uri?partnerID=HzOxMe3b&scp=85124252552&origin=inward'}",https://api.elsevier.com/content/abstract/scopus_id/85124252552,SCOPUS_ID:85124252552,2-s2.0-85124252552,A Machine Learning Based Method for Real-Time Queue Length Estimation Using License Plate Recognition and GPS Trajectory Data,Liu D.,KSCE Journal of Civil Engineering,12267988,,,2022-01-01,2022,10.1007/s12205-022-0451-4,,0,"[{'@_fa': 'true', 'affilname': 'Southeast University', 'affiliation-city': 'Nanjing', 'affiliation-country': 'China'}]",Journal,ar,Article,,17600155006,0,False,19763808,,,,,
true,"{'self': 'https://api.elsevier.com/content/abstract/scopus_id/85124212670', 'author-affiliation': 'https://api.elsevier.com/content/abstract/scopus_id/85124212670?field=author,affiliation', 'scopus': 'https://www.scopus.com/inward/record.uri?partnerID=HzOxMe3b&scp=85124212670&origin=inward', 'scopus-citedby': 'https://www.scopus.com/inward/citedby.uri?partnerID=HzOxMe3b&scp=85124212670&origin=inward'}",https://api.elsevier.com/content/abstract/scopus_id/85124212670,SCOPUS_ID:85124212670,2-s2.0-85124212670,Admission Control and Virtual Network Embedding in 5G Networks: a Deep Reinforcement-Learning approach,Troia S.,IEEE Access,,,,2022-01-01,2022,10.1109/ACCESS.2022.3148703,,0,"[{'@_fa': 'true', 'affilname': 'Politecnico di Milano', 'affiliation-city': 'Milan', 'affiliation-country': 'Italy'}]",Journal,ar,Article,,21100374601,1,True,21693536,"{'value': [{'$': 'all'}, {'$': 'publisherfullgold'}]}","{'value': [{'$': 'All Open Access'}, {'$': 'Gold'}]}",,,
true,"{'self': 'https://api.elsevier.com/content/abstract/scopus_id/85124135817', 'author-affiliation': 'https://api.elsevier.com/content/abstract/scopus_id/85124135817?field=author,affiliation', 'scopus': 'https://www.scopus.com/inward/record.uri?partnerID=HzOxMe3b&scp=85124135817&origin=inward', 'scopus-citedby': 'https://www.scopus.com/inward/citedby.uri?partnerID=HzOxMe3b&scp=85124135817&origin=inward'}",https://api.elsevier.com/content/abstract/scopus_id/85124135817,SCOPUS_ID:85124135817,2-s2.0-85124135817,Machine Learning Assisted Energy Optimization in Smart Grid for Smart City Applications,Tang Z.,Journal of Interconnection Networks,02192659,,,2022-01-01,2022,10.1142/S0219265921440060,,0,"[{'@_fa': 'true', 'affilname': 'State Grid Taizhou Power Supply Company', 'affiliation-city': 'JiangSuTaiZhou', 'affiliation-country': 'China'}]",Journal,ar,Article,2144006,12100157101,0,False,17936713,,,,,
true,"{'self': 'https://api.elsevier.com/content/abstract/scopus_id/85124110584', 'author-affiliation': 'https://api.elsevier.com/content/abstract/scopus_id/85124110584?field=author,affiliation', 'scopus': 'https://www.scopus.com/inward/record.uri?partnerID=HzOxMe3b&scp=85124110584&origin=inward', 'scopus-citedby': 'https://www.scopus.com/inward/citedby.uri?partnerID=HzOxMe3b&scp=85124110584&origin=inward'}",https://api.elsevier.com/content/abstract/scopus_id/85124110584,SCOPUS_ID:85124110584,2-s2.0-85124110584,Research on the Communication Strategy of History and Culture in Shaanxi Based on BP Neural Network Model,Xie D.,Computational Intelligence and Neuroscience,16875265,2022,,2022-01-01,2022,10.1155/2022/8965622,,0,"[{'@_fa': 'true', 'affilname': 'University of Technology MARA', 'affiliation-city': 'Shah Anam', 'affiliation-country': 'Malaysia'}, {'@_fa': 'true', 'affilname': ""Xi'An Traffic Engineering Institute"", 'affiliation-city': ""Xi'an"", 'affiliation-country': 'China'}]",Journal,ar,Article,8965622,7000153240,1,True,16875273,"{'value': [{'$': 'all'}, {'$': 'publisherfullgold'}, {'$': 'repository'}, {'$': 'repositoryvor'}]}","{'value': [{'$': 'All Open Access'}, {'$': 'Gold'}, {'$': 'Green'}]}",,35111216,
true,"{'self': 'https://api.elsevier.com/content/abstract/scopus_id/85124095139', 'author-affiliation': 'https://api.elsevier.com/content/abstract/scopus_id/85124095139?field=author,affiliation', 'scopus': 'https://www.scopus.com/inward/record.uri?partnerID=HzOxMe3b&scp=85124095139&origin=inward', 'scopus-citedby': 'https://www.scopus.com/inward/citedby.uri?partnerID=HzOxMe3b&scp=85124095139&origin=inward'}",https://api.elsevier.com/content/abstract/scopus_id/85124095139,SCOPUS_ID:85124095139,2-s2.0-85124095139,STGs: construct spatial and temporal graphs for citywide crowd flow prediction,Xing J.,Applied Intelligence,0924669X,,,2022-01-01,2022,10.1007/s10489-021-02939-6,,0,"[{'@_fa': 'true', 'affilname': 'Beijing Jiaotong University', 'affiliation-city': 'Beijing', 'affiliation-country': 'China'}]",Journal,ar,Article,,23674,0,False,15737497,,,,,
true,"{'self': 'https://api.elsevier.com/content/abstract/scopus_id/85124007334', 'author-affiliation': 'https://api.elsevier.com/content/abstract/scopus_id/85124007334?field=author,affiliation', 'scopus': 'https://www.scopus.com/inward/record.uri?partnerID=HzOxMe3b&scp=85124007334&origin=inward', 'scopus-citedby': 'https://www.scopus.com/inward/citedby.uri?partnerID=HzOxMe3b&scp=85124007334&origin=inward'}",https://api.elsevier.com/content/abstract/scopus_id/85124007334,SCOPUS_ID:85124007334,2-s2.0-85124007334,Intelligent Traffic Accident Detection System Using Surveillance Video,Sun P.,Lecture Notes in Electrical Engineering,18761100,769,995-1005,2022-01-01,2022,10.1007/978-981-16-2090-4_61,,0,"[{'@_fa': 'true', 'affilname': 'Ltd.', 'affiliation-city': 'Beijing', 'affiliation-country': 'China'}]",Book Series,cp,Conference Paper,,19700186822,0,False,18761119,,,,,"[{'@_fa': 'true', '$': '9789811620898'}]"
true,"{'self': 'https://api.elsevier.com/content/abstract/scopus_id/85123884378', 'author-affiliation': 'https://api.elsevier.com/content/abstract/scopus_id/85123884378?field=author,affiliation', 'scopus': 'https://www.scopus.com/inward/record.uri?partnerID=HzOxMe3b&scp=85123884378&origin=inward', 'scopus-citedby': 'https://www.scopus.com/inward/citedby.uri?partnerID=HzOxMe3b&scp=85123884378&origin=inward', 'full-text': 'https://api.elsevier.com/content/article/eid/1-s2.0-S000326702101237X'}",https://api.elsevier.com/content/abstract/scopus_id/85123884378,SCOPUS_ID:85123884378,2-s2.0-85123884378,A video processing and machine vision-based automatic analyzer to determine sequentially total suspended and settleable solids in wastewater,de Oliveira Ramos R.,Analytica Chimica Acta,00032670,,,2022-01-01,2022,10.1016/j.aca.2021.339411,S000326702101237X,0,"[{'@_fa': 'true', 'affilname': 'Universidade Federal da Paraíba', 'affiliation-city': 'Joao Pessoa', 'affiliation-country': 'Brazil'}]",Journal,ar,Article,339411,23911,0,False,18734324,,,,,
true,"{'self': 'https://api.elsevier.com/content/abstract/scopus_id/85123865270', 'author-affiliation': 'https://api.elsevier.com/content/abstract/scopus_id/85123865270?field=author,affiliation', 'scopus': 'https://www.scopus.com/inward/record.uri?partnerID=HzOxMe3b&scp=85123865270&origin=inward', 'scopus-citedby': 'https://www.scopus.com/inward/citedby.uri?partnerID=HzOxMe3b&scp=85123865270&origin=inward'}",https://api.elsevier.com/content/abstract/scopus_id/85123865270,SCOPUS_ID:85123865270,2-s2.0-85123865270,Crowdsourced Road Semantics Mapping Based on Pixel-Wise Confidence Level,Wijaya B.,Automotive Innovation,20964250,,,2022-01-01,2022,10.1007/s42154-021-00173-x,,0,"[{'@_fa': 'true', 'affilname': 'Tsinghua University', 'affiliation-city': 'Beijing', 'affiliation-country': 'China'}]",Journal,ar,Article,,21101022443,0,False,25228765,,,,,
true,"{'self': 'https://api.elsevier.com/content/abstract/scopus_id/85123767897', 'author-affiliation': 'https://api.elsevier.com/content/abstract/scopus_id/85123767897?field=author,affiliation', 'scopus': 'https://www.scopus.com/inward/record.uri?partnerID=HzOxMe3b&scp=85123767897&origin=inward', 'scopus-citedby': 'https://www.scopus.com/inward/citedby.uri?partnerID=HzOxMe3b&scp=85123767897&origin=inward'}",https://api.elsevier.com/content/abstract/scopus_id/85123767897,SCOPUS_ID:85123767897,2-s2.0-85123767897,RedPacketBike: A Graph-Based Demand Modeling and Crowd-Driven Station Rebalancing Framework for Bike Sharing Systems,Zhu H.,IEEE Transactions on Mobile Computing,15361233,,,2022-01-01,2022,10.1109/TMC.2022.3145979,,0,"[{'@_fa': 'true', 'affilname': 'Xiamen University', 'affiliation-city': 'Xiamen', 'affiliation-country': 'China'}]",Journal,ar,Article,,25038,0,False,15580660,,,,,
true,"{'self': 'https://api.elsevier.com/content/abstract/scopus_id/85123757782', 'author-affiliation': 'https://api.elsevier.com/content/abstract/scopus_id/85123757782?field=author,affiliation', 'scopus': 'https://www.scopus.com/inward/record.uri?partnerID=HzOxMe3b&scp=85123757782&origin=inward', 'scopus-citedby': 'https://www.scopus.com/inward/citedby.uri?partnerID=HzOxMe3b&scp=85123757782&origin=inward'}",https://api.elsevier.com/content/abstract/scopus_id/85123757782,SCOPUS_ID:85123757782,2-s2.0-85123757782,A Real-Time Complex Road AI Perception Based on 5G-V2X for Smart City Security,Xu C.,Wireless Communications and Mobile Computing,15308669,2022,,2022-01-01,2022,10.1155/2022/4405242,,0,"[{'@_fa': 'true', 'affilname': 'Beijing Union University', 'affiliation-city': 'Beijing', 'affiliation-country': 'China'}]",Journal,ar,Article,4405242,17543,1,True,15308677,"{'value': [{'$': 'all'}, {'$': 'publisherfullgold'}]}","{'value': [{'$': 'All Open Access'}, {'$': 'Gold'}]}",,,
true,"{'self': 'https://api.elsevier.com/content/abstract/scopus_id/85123557708', 'author-affiliation': 'https://api.elsevier.com/content/abstract/scopus_id/85123557708?field=author,affiliation', 'scopus': 'https://www.scopus.com/inward/record.uri?partnerID=HzOxMe3b&scp=85123557708&origin=inward', 'scopus-citedby': 'https://www.scopus.com/inward/citedby.uri?partnerID=HzOxMe3b&scp=85123557708&origin=inward'}",https://api.elsevier.com/content/abstract/scopus_id/85123557708,SCOPUS_ID:85123557708,2-s2.0-85123557708,A Lightweight Optimized Deep Learning-based Host-Intrusion Detection System Deployed on the Edge for IoT,Idrissi I.,International Journal of Computing and Digital Systems,,11,209-216,2022-01-01,2022,10.12785/ijcds/110117,,0,"[{'@_fa': 'true', 'affilname': 'Université Mohammed Premier Oujda', 'affiliation-city': 'Oujda', 'affiliation-country': 'Morocco'}]",Journal,ar,Article,,21100890383,1,True,2210142X,"{'value': [{'$': 'all'}, {'$': 'publisherfullgold'}]}","{'value': [{'$': 'All Open Access'}, {'$': 'Gold'}]}",1,,
true,"{'self': 'https://api.elsevier.com/content/abstract/scopus_id/85123511373', 'author-affiliation': 'https://api.elsevier.com/content/abstract/scopus_id/85123511373?field=author,affiliation', 'scopus': 'https://www.scopus.com/inward/record.uri?partnerID=HzOxMe3b&scp=85123511373&origin=inward', 'scopus-citedby': 'https://www.scopus.com/inward/citedby.uri?partnerID=HzOxMe3b&scp=85123511373&origin=inward'}",https://api.elsevier.com/content/abstract/scopus_id/85123511373,SCOPUS_ID:85123511373,2-s2.0-85123511373,Semi-Supervised Deep Learning in High-Speed Railway Track Detection Based on Distributed Fiber Acoustic Sensing,Wang S.,Sensors,14248220,22,,2022-01-01,January-2 2022,10.3390/s22020413,,0,"[{'@_fa': 'true', 'affilname': 'Beijing Jiaotong University', 'affiliation-city': 'Beijing', 'affiliation-country': 'China'}]",Journal,ar,Article,413,130124,1,True,,"{'value': [{'$': 'all'}, {'$': 'publisherfullgold'}, {'$': 'repository'}, {'$': 'repositoryam'}]}","{'value': [{'$': 'All Open Access'}, {'$': 'Gold'}, {'$': 'Green'}]}",2,35062373,
true,"{'self': 'https://api.elsevier.com/content/abstract/scopus_id/85123416699', 'author-affiliation': 'https://api.elsevier.com/content/abstract/scopus_id/85123416699?field=author,affiliation', 'scopus': 'https://www.scopus.com/inward/record.uri?partnerID=HzOxMe3b&scp=85123416699&origin=inward', 'scopus-citedby': 'https://www.scopus.com/inward/citedby.uri?partnerID=HzOxMe3b&scp=85123416699&origin=inward'}",https://api.elsevier.com/content/abstract/scopus_id/85123416699,SCOPUS_ID:85123416699,2-s2.0-85123416699,"International Conference on Inventive Communication and Computational Technologies, ICICCT 2021",,Lecture Notes in Networks and Systems,23673370,311,,2022-01-01,2022,,,0,,Book Series,cr,Conference Review,,21100901469,0,False,23673389,,,,,"[{'@_fa': 'true', '$': '9789811655289'}]"
true,"{'self': 'https://api.elsevier.com/content/abstract/scopus_id/85123387233', 'author-affiliation': 'https://api.elsevier.com/content/abstract/scopus_id/85123387233?field=author,affiliation', 'scopus': 'https://www.scopus.com/inward/record.uri?partnerID=HzOxMe3b&scp=85123387233&origin=inward', 'scopus-citedby': 'https://www.scopus.com/inward/citedby.uri?partnerID=HzOxMe3b&scp=85123387233&origin=inward'}",https://api.elsevier.com/content/abstract/scopus_id/85123387233,SCOPUS_ID:85123387233,2-s2.0-85123387233,Graph Optimized Data Offloading for Crowd-AI Hybrid Urban Tracking in Intelligent Transportation Systems,Wang P.,IEEE Transactions on Intelligent Transportation Systems,15249050,,,2022-01-01,2022,10.1109/TITS.2022.3141885,,0,"[{'@_fa': 'true', 'affilname': 'Dalian University of Technology', 'affiliation-city': 'Dalian', 'affiliation-country': 'China'}]",Journal,ar,Article,,18378,0,False,15580016,,,,,
true,"{'self': 'https://api.elsevier.com/content/abstract/scopus_id/85123377471', 'author-affiliation': 'https://api.elsevier.com/content/abstract/scopus_id/85123377471?field=author,affiliation', 'scopus': 'https://www.scopus.com/inward/record.uri?partnerID=HzOxMe3b&scp=85123377471&origin=inward', 'scopus-citedby': 'https://www.scopus.com/inward/citedby.uri?partnerID=HzOxMe3b&scp=85123377471&origin=inward'}",https://api.elsevier.com/content/abstract/scopus_id/85123377471,SCOPUS_ID:85123377471,2-s2.0-85123377471,Deep Learning-Based Smart Mask for Social Distancing,Rajani Kumari L.V.,Lecture Notes on Data Engineering and Communications Technologies,23674512,93,213-228,2022-01-01,2022,10.1007/978-981-16-6605-6_15,,0,"[{'@_fa': 'true', 'affilname': 'Vallurupalli Nageswara Rao Vignana Jyothi Institute of Engineering &amp; Technology', 'affiliation-city': 'Hyderabad', 'affiliation-country': 'India'}]",Book Series,ch,Book Chapter,,21100975545,0,False,23674520,,,,,
true,"{'self': 'https://api.elsevier.com/content/abstract/scopus_id/85123376707', 'author-affiliation': 'https://api.elsevier.com/content/abstract/scopus_id/85123376707?field=author,affiliation', 'scopus': 'https://www.scopus.com/inward/record.uri?partnerID=HzOxMe3b&scp=85123376707&origin=inward', 'scopus-citedby': 'https://www.scopus.com/inward/citedby.uri?partnerID=HzOxMe3b&scp=85123376707&origin=inward'}",https://api.elsevier.com/content/abstract/scopus_id/85123376707,SCOPUS_ID:85123376707,2-s2.0-85123376707,Model Predictive Control for Distributed Electric Propulsion of eVTOL Vehicles: A Preliminary Design,Jiang Z.,"AIAA Science and Technology Forum and Exposition, AIAA SciTech Forum 2022",,,,2022-01-01,2022,10.2514/6.2022-0878,,0,"[{'@_fa': 'true', 'affilname': 'University of Dayton Research Institute', 'affiliation-city': 'Dayton', 'affiliation-country': 'United States'}]",Conference Proceeding,cp,Conference Paper,AIAA 2022-0878,21101073694,0,False,,,,,,"[{'@_fa': 'true', '$': '9781624106316'}]"
true,"{'self': 'https://api.elsevier.com/content/abstract/scopus_id/85123375400', 'author-affiliation': 'https://api.elsevier.com/content/abstract/scopus_id/85123375400?field=author,affiliation', 'scopus': 'https://www.scopus.com/inward/record.uri?partnerID=HzOxMe3b&scp=85123375400&origin=inward', 'scopus-citedby': 'https://www.scopus.com/inward/citedby.uri?partnerID=HzOxMe3b&scp=85123375400&origin=inward', 'full-text': 'https://api.elsevier.com/content/article/eid/1-s2.0-S0022437521001614'}",https://api.elsevier.com/content/abstract/scopus_id/85123375400,SCOPUS_ID:85123375400,2-s2.0-85123375400,Learning to interpret novel eHMI: The effect of vehicle kinematics and eHMI familiarity on pedestrian’ crossing behavior,Lee Y.M.,Journal of Safety Research,00224375,,,2022-01-01,2022,10.1016/j.jsr.2021.12.010,S0022437521001614,0,"[{'@_fa': 'true', 'affilname': 'University of Leeds', 'affiliation-city': 'Leeds', 'affiliation-country': 'United Kingdom'}]",Journal,ar,Article,,29284,1,True,,"{'value': [{'$': 'all'}, {'$': 'publisherhybridgold'}, {'$': 'repository'}, {'$': 'repositoryam'}]}","{'value': [{'$': 'All Open Access'}, {'$': 'Hybrid Gold'}, {'$': 'Green'}]}",,,
true,"{'self': 'https://api.elsevier.com/content/abstract/scopus_id/85123371675', 'author-affiliation': 'https://api.elsevier.com/content/abstract/scopus_id/85123371675?field=author,affiliation', 'scopus': 'https://www.scopus.com/inward/record.uri?partnerID=HzOxMe3b&scp=85123371675&origin=inward', 'scopus-citedby': 'https://www.scopus.com/inward/citedby.uri?partnerID=HzOxMe3b&scp=85123371675&origin=inward'}",https://api.elsevier.com/content/abstract/scopus_id/85123371675,SCOPUS_ID:85123371675,2-s2.0-85123371675,Fine-grained RNN with Transfer Learning for Energy Consumption Estimation on EVs,Hua Y.,IEEE Transactions on Industrial Informatics,15513203,,,2022-01-01,2022,10.1109/TII.2022.3143155,,0,"[{'@_fa': 'true', 'affilname': 'University of Lincoln', 'affiliation-city': 'Lincoln', 'affiliation-country': 'United Kingdom'}]",Journal,ar,Article,,144912,0,False,19410050,"{'value': [{'$': 'all'}, {'$': 'repository'}, {'$': 'repositoryam'}]}","{'value': [{'$': 'All Open Access'}, {'$': 'Green'}]}",,,
true,"{'self': 'https://api.elsevier.com/content/abstract/scopus_id/85123322617', 'author-affiliation': 'https://api.elsevier.com/content/abstract/scopus_id/85123322617?field=author,affiliation', 'scopus': 'https://www.scopus.com/inward/record.uri?partnerID=HzOxMe3b&scp=85123322617&origin=inward', 'scopus-citedby': 'https://www.scopus.com/inward/citedby.uri?partnerID=HzOxMe3b&scp=85123322617&origin=inward'}",https://api.elsevier.com/content/abstract/scopus_id/85123322617,SCOPUS_ID:85123322617,2-s2.0-85123322617,Decentralized Federated Learning for Healthcare Networks: A Case Study on Tumor Segmentation,Camajori Tedeschini B.,IEEE Access,,10,8693-8708,2022-01-01,2022,10.1109/ACCESS.2022.3141913,,0,"[{'@_fa': 'true', 'affilname': 'Politecnico di Milano', 'affiliation-city': 'Milan', 'affiliation-country': 'Italy'}]",Journal,ar,Article,,21100374601,1,True,21693536,"{'value': [{'$': 'all'}, {'$': 'publisherfullgold'}]}","{'value': [{'$': 'All Open Access'}, {'$': 'Gold'}]}",,,
true,"{'self': 'https://api.elsevier.com/content/abstract/scopus_id/85123314517', 'author-affiliation': 'https://api.elsevier.com/content/abstract/scopus_id/85123314517?field=author,affiliation', 'scopus': 'https://www.scopus.com/inward/record.uri?partnerID=HzOxMe3b&scp=85123314517&origin=inward', 'scopus-citedby': 'https://www.scopus.com/inward/citedby.uri?partnerID=HzOxMe3b&scp=85123314517&origin=inward'}",https://api.elsevier.com/content/abstract/scopus_id/85123314517,SCOPUS_ID:85123314517,2-s2.0-85123314517,Inter-Block Flow Prediction with Relation Graph Network for Cold-start on Bike-Sharing System,Jiang M.,IEEE Internet of Things Journal,,,,2022-01-01,2022,10.1109/JIOT.2022.3142070,,0,"[{'@_fa': 'true', 'affilname': 'College of Control Science and Engineering, Zhejiang University', 'affiliation-city': 'Hangzhou', 'affiliation-country': 'China'}]",Journal,ar,Article,,21100338350,0,False,23274662,,,,,
true,"{'self': 'https://api.elsevier.com/content/abstract/scopus_id/85123301100', 'author-affiliation': 'https://api.elsevier.com/content/abstract/scopus_id/85123301100?field=author,affiliation', 'scopus': 'https://www.scopus.com/inward/record.uri?partnerID=HzOxMe3b&scp=85123301100&origin=inward', 'scopus-citedby': 'https://www.scopus.com/inward/citedby.uri?partnerID=HzOxMe3b&scp=85123301100&origin=inward'}",https://api.elsevier.com/content/abstract/scopus_id/85123301100,SCOPUS_ID:85123301100,2-s2.0-85123301100,ADE-Net: A Deep Neural Network for DAS earthquake detection trained with a Limited Number of Positive Samples,Lv H.,IEEE Transactions on Geoscience and Remote Sensing,01962892,,,2022-01-01,2022,10.1109/TGRS.2022.3143120,,0,"[{'@_fa': 'true', 'affilname': 'Chinese Academy of Sciences', 'affiliation-city': 'Beijing', 'affiliation-country': 'China'}]",Journal,ar,Article,,17360,0,False,15580644,,,,,
true,"{'self': 'https://api.elsevier.com/content/abstract/scopus_id/85123283984', 'author-affiliation': 'https://api.elsevier.com/content/abstract/scopus_id/85123283984?field=author,affiliation', 'scopus': 'https://www.scopus.com/inward/record.uri?partnerID=HzOxMe3b&scp=85123283984&origin=inward', 'scopus-citedby': 'https://www.scopus.com/inward/citedby.uri?partnerID=HzOxMe3b&scp=85123283984&origin=inward'}",https://api.elsevier.com/content/abstract/scopus_id/85123283984,SCOPUS_ID:85123283984,2-s2.0-85123283984,AMulti-intersectionVehicularCooperativeControlbasedonEnd-Edge-CloudComputing,Jiang M.,IEEE Transactions on Vehicular Technology,00189545,,,2022-01-01,2022,10.1109/TVT.2022.3143828,,0,"[{'@_fa': 'true', 'affilname': 'Beijing University of Posts and Telecommunications', 'affiliation-city': 'Beijing', 'affiliation-country': 'China'}]",Journal,ar,Article,,17393,0,False,19399359,,,,,
true,"{'self': 'https://api.elsevier.com/content/abstract/scopus_id/85123207227', 'author-affiliation': 'https://api.elsevier.com/content/abstract/scopus_id/85123207227?field=author,affiliation', 'scopus': 'https://www.scopus.com/inward/record.uri?partnerID=HzOxMe3b&scp=85123207227&origin=inward', 'scopus-citedby': 'https://www.scopus.com/inward/citedby.uri?partnerID=HzOxMe3b&scp=85123207227&origin=inward'}",https://api.elsevier.com/content/abstract/scopus_id/85123207227,SCOPUS_ID:85123207227,2-s2.0-85123207227,Machine learning driven intelligent and self adaptive system for traffic management in smart cities,Khan H.,Computing,0010485X,,,2022-01-01,2022,10.1007/s00607-021-01038-1,,0,"[{'@_fa': 'true', 'affilname': 'Jabalpur Engineering College', 'affiliation-city': 'Jabalpur', 'affiliation-country': 'India'}]",Journal,ar,Article,,24407,0,False,14365057,,,,,
true,"{'self': 'https://api.elsevier.com/content/abstract/scopus_id/85123204515', 'author-affiliation': 'https://api.elsevier.com/content/abstract/scopus_id/85123204515?field=author,affiliation', 'scopus': 'https://www.scopus.com/inward/record.uri?partnerID=HzOxMe3b&scp=85123204515&origin=inward', 'scopus-citedby': 'https://www.scopus.com/inward/citedby.uri?partnerID=HzOxMe3b&scp=85123204515&origin=inward'}",https://api.elsevier.com/content/abstract/scopus_id/85123204515,SCOPUS_ID:85123204515,2-s2.0-85123204515,Passenger Flow Prediction Using Smart Card Data from Connected Bus System Based on Interpretable XGBoost,Zou L.,Wireless Communications and Mobile Computing,15308669,2022,,2022-01-01,2022,10.1155/2022/5872225,,0,"[{'@_fa': 'true', 'affilname': 'Shenzhen University', 'affiliation-city': 'Shenzhen', 'affiliation-country': 'China'}]",Journal,ar,Article,5872225,17543,1,True,15308677,"{'value': [{'$': 'all'}, {'$': 'publisherfullgold'}]}","{'value': [{'$': 'All Open Access'}, {'$': 'Gold'}]}",,,
true,"{'self': 'https://api.elsevier.com/content/abstract/scopus_id/85123121424', 'author-affiliation': 'https://api.elsevier.com/content/abstract/scopus_id/85123121424?field=author,affiliation', 'scopus': 'https://www.scopus.com/inward/record.uri?partnerID=HzOxMe3b&scp=85123121424&origin=inward', 'scopus-citedby': 'https://www.scopus.com/inward/citedby.uri?partnerID=HzOxMe3b&scp=85123121424&origin=inward'}",https://api.elsevier.com/content/abstract/scopus_id/85123121424,SCOPUS_ID:85123121424,2-s2.0-85123121424,Industrial IoT and AI implementation in vehicular logistics and supply chain management for vehicle mediated transportation systems,Bhargava A.,International Journal of Systems Assurance Engineering and Management,09756809,,,2022-01-01,2022,10.1007/s13198-021-01581-2,,0,"[{'@_fa': 'true', 'affilname': 'Graphic Era Deemed to be University', 'affiliation-city': 'Dehradun', 'affiliation-country': 'India'}]",Journal,ar,Article,,19700177002,0,False,09764348,,,,,
true,"{'self': 'https://api.elsevier.com/content/abstract/scopus_id/85123090183', 'author-affiliation': 'https://api.elsevier.com/content/abstract/scopus_id/85123090183?field=author,affiliation', 'scopus': 'https://www.scopus.com/inward/record.uri?partnerID=HzOxMe3b&scp=85123090183&origin=inward', 'scopus-citedby': 'https://www.scopus.com/inward/citedby.uri?partnerID=HzOxMe3b&scp=85123090183&origin=inward'}",https://api.elsevier.com/content/abstract/scopus_id/85123090183,SCOPUS_ID:85123090183,2-s2.0-85123090183,An LSTM-autoencoder based online side channel monitoring approach for cyber-physical attack detection in additive manufacturing,Shi Z.,Journal of Intelligent Manufacturing,09565515,,,2022-01-01,2022,10.1007/s10845-021-01879-9,,0,"[{'@_fa': 'true', 'affilname': 'Oklahoma State University', 'affiliation-city': 'Stillwater', 'affiliation-country': 'United States'}]",Journal,ar,Article,,24363,0,False,15728145,,,,,
true,"{'self': 'https://api.elsevier.com/content/abstract/scopus_id/85123082172', 'author-affiliation': 'https://api.elsevier.com/content/abstract/scopus_id/85123082172?field=author,affiliation', 'scopus': 'https://www.scopus.com/inward/record.uri?partnerID=HzOxMe3b&scp=85123082172&origin=inward', 'scopus-citedby': 'https://www.scopus.com/inward/citedby.uri?partnerID=HzOxMe3b&scp=85123082172&origin=inward'}",https://api.elsevier.com/content/abstract/scopus_id/85123082172,SCOPUS_ID:85123082172,2-s2.0-85123082172,Deep reinforcement learning based control for Autonomous Vehicles in CARLA,Pérez-Gil Ó.,Multimedia Tools and Applications,13807501,,,2022-01-01,2022,10.1007/s11042-021-11437-3,,0,"[{'@_fa': 'true', 'affilname': 'Universidad de Alcalá', 'affiliation-city': 'Alcala de Henares', 'affiliation-country': 'Spain'}]",Journal,ar,Article,,25627,1,True,15737721,"{'value': [{'$': 'all'}, {'$': 'publisherhybridgold'}]}","{'value': [{'$': 'All Open Access'}, {'$': 'Hybrid Gold'}]}",,,
true,"{'self': 'https://api.elsevier.com/content/abstract/scopus_id/85122964605', 'author-affiliation': 'https://api.elsevier.com/content/abstract/scopus_id/85122964605?field=author,affiliation', 'scopus': 'https://www.scopus.com/inward/record.uri?partnerID=HzOxMe3b&scp=85122964605&origin=inward', 'scopus-citedby': 'https://www.scopus.com/inward/citedby.uri?partnerID=HzOxMe3b&scp=85122964605&origin=inward'}",https://api.elsevier.com/content/abstract/scopus_id/85122964605,SCOPUS_ID:85122964605,2-s2.0-85122964605,Air Pollution Monitoring System with Prediction Abilities Based on Smart Autonomous Sensors Equipped with ANNs with Novel Training Scheme,Banach M.,Remote Sensing,,14,,2022-01-01,January-2 2022,10.3390/rs14020413,,0,"[{'@_fa': 'true', 'affilname': 'Politechnika Poznanska', 'affiliation-city': 'Poznan', 'affiliation-country': 'Poland'}]",Journal,ar,Article,413,86430,1,True,20724292,"{'value': [{'$': 'all'}, {'$': 'publisherfullgold'}]}","{'value': [{'$': 'All Open Access'}, {'$': 'Gold'}]}",2,,
true,"{'self': 'https://api.elsevier.com/content/abstract/scopus_id/85122921628', 'author-affiliation': 'https://api.elsevier.com/content/abstract/scopus_id/85122921628?field=author,affiliation', 'scopus': 'https://www.scopus.com/inward/record.uri?partnerID=HzOxMe3b&scp=85122921628&origin=inward', 'scopus-citedby': 'https://www.scopus.com/inward/citedby.uri?partnerID=HzOxMe3b&scp=85122921628&origin=inward'}",https://api.elsevier.com/content/abstract/scopus_id/85122921628,SCOPUS_ID:85122921628,2-s2.0-85122921628,Short-Term Segment-Level Crash Risk Prediction Using Advanced Data Modeling with Proactive and Reactive Crash Data,Dimitrijevic B.,Applied Sciences (Switzerland),,12,,2022-01-01,January-2 2022,10.3390/app12020856,,0,"[{'@_fa': 'true', 'affilname': 'Newark College of Engineering', 'affiliation-city': 'Newark', 'affiliation-country': 'United States'}]",Journal,ar,Article,856,21100829268,1,True,20763417,"{'value': [{'$': 'all'}, {'$': 'publisherfullgold'}]}","{'value': [{'$': 'All Open Access'}, {'$': 'Gold'}]}",2,,
true,"{'self': 'https://api.elsevier.com/content/abstract/scopus_id/85122892468', 'author-affiliation': 'https://api.elsevier.com/content/abstract/scopus_id/85122892468?field=author,affiliation', 'scopus': 'https://www.scopus.com/inward/record.uri?partnerID=HzOxMe3b&scp=85122892468&origin=inward', 'scopus-citedby': 'https://www.scopus.com/inward/citedby.uri?partnerID=HzOxMe3b&scp=85122892468&origin=inward'}",https://api.elsevier.com/content/abstract/scopus_id/85122892468,SCOPUS_ID:85122892468,2-s2.0-85122892468,SDGNet: A Handover-aware Spatiotemporal Graph Neural Network for Mobile Traffic Forecasting,Fang Y.,IEEE Communications Letters,10897798,,,2022-01-01,2022,10.1109/LCOMM.2022.3141238,,0,"[{'@_fa': 'true', 'affilname': 'The University of Edinburgh', 'affiliation-city': 'Edinburgh', 'affiliation-country': 'United Kingdom'}]",Journal,ar,Article,,18896,0,False,15582558,,,,,
true,"{'self': 'https://api.elsevier.com/content/abstract/scopus_id/85122799495', 'author-affiliation': 'https://api.elsevier.com/content/abstract/scopus_id/85122799495?field=author,affiliation', 'scopus': 'https://www.scopus.com/inward/record.uri?partnerID=HzOxMe3b&scp=85122799495&origin=inward', 'scopus-citedby': 'https://www.scopus.com/inward/citedby.uri?partnerID=HzOxMe3b&scp=85122799495&origin=inward'}",https://api.elsevier.com/content/abstract/scopus_id/85122799495,SCOPUS_ID:85122799495,2-s2.0-85122799495,An AI Approach to Rebalance Bike-Sharing Systems with Adaptive User Incentive,Duan Y.,Internet of Things,21991073,,365-389,2022-01-01,2022,10.1007/978-3-030-87059-1_14,,0,"[{'@_fa': 'true', 'affilname': 'Temple University', 'affiliation-city': 'Philadelphia', 'affiliation-country': 'United States'}]",Book Series,ch,Book Chapter,,21100826426,0,False,21991081,,,,,
true,"{'self': 'https://api.elsevier.com/content/abstract/scopus_id/85122706625', 'author-affiliation': 'https://api.elsevier.com/content/abstract/scopus_id/85122706625?field=author,affiliation', 'scopus': 'https://www.scopus.com/inward/record.uri?partnerID=HzOxMe3b&scp=85122706625&origin=inward', 'scopus-citedby': 'https://www.scopus.com/inward/citedby.uri?partnerID=HzOxMe3b&scp=85122706625&origin=inward'}",https://api.elsevier.com/content/abstract/scopus_id/85122706625,SCOPUS_ID:85122706625,2-s2.0-85122706625,360 <sup>∘</sup> real-time and power-efficient 3D DAMOT for autonomous driving applications,Gómez-Huélamo C.,Multimedia Tools and Applications,13807501,,,2022-01-01,2022,10.1007/s11042-021-11624-2,,0,"[{'@_fa': 'true', 'affilname': 'Universidad de Alcalá', 'affiliation-city': 'Alcala de Henares', 'affiliation-country': 'Spain'}]",Journal,ar,Article,,25627,1,True,15737721,"{'value': [{'$': 'all'}, {'$': 'publisherhybridgold'}]}","{'value': [{'$': 'All Open Access'}, {'$': 'Hybrid Gold'}]}",,,
true,"{'self': 'https://api.elsevier.com/content/abstract/scopus_id/85122508435', 'author-affiliation': 'https://api.elsevier.com/content/abstract/scopus_id/85122508435?field=author,affiliation', 'scopus': 'https://www.scopus.com/inward/record.uri?partnerID=HzOxMe3b&scp=85122508435&origin=inward', 'scopus-citedby': 'https://www.scopus.com/inward/citedby.uri?partnerID=HzOxMe3b&scp=85122508435&origin=inward'}",https://api.elsevier.com/content/abstract/scopus_id/85122508435,SCOPUS_ID:85122508435,2-s2.0-85122508435,Programing a Robotic Ambulance with Virtual Reality,Lavinia A.,IFMBE Proceedings,16800737,88,344-354,2022-01-01,2022,10.1007/978-3-030-93564-1_38,,0,"[{'@_fa': 'true', 'affilname': 'Universitatea de Medicina si Farmacie Iuliu Hatieganu din Cluj-Napoca', 'affiliation-city': 'Cluj Napoca', 'affiliation-country': 'Romania'}]",Conference Proceeding,cp,Conference Paper,,19400157277,0,False,14339277,,,,,"[{'@_fa': 'true', '$': '9783030935634'}]"
true,"{'self': 'https://api.elsevier.com/content/abstract/scopus_id/85122423683', 'author-affiliation': 'https://api.elsevier.com/content/abstract/scopus_id/85122423683?field=author,affiliation', 'scopus': 'https://www.scopus.com/inward/record.uri?partnerID=HzOxMe3b&scp=85122423683&origin=inward', 'scopus-citedby': 'https://www.scopus.com/inward/citedby.uri?partnerID=HzOxMe3b&scp=85122423683&origin=inward'}",https://api.elsevier.com/content/abstract/scopus_id/85122423683,SCOPUS_ID:85122423683,2-s2.0-85122423683,Traffic Light Control Using RFID and Deep Reinforcement Learning,Yadav S.,Studies in Computational Intelligence,1860949X,1002,47-64,2022-01-01,2022,10.1007/978-981-16-7498-3_4,,0,"[{'@_fa': 'true', 'affilname': 'Indian Institute of Information Technology, Allahabad', 'affiliation-city': 'Allahabad', 'affiliation-country': 'India'}]",Book Series,ch,Book Chapter,,4900152708,0,False,18609503,,,,,
true,"{'self': 'https://api.elsevier.com/content/abstract/scopus_id/85122377172', 'author-affiliation': 'https://api.elsevier.com/content/abstract/scopus_id/85122377172?field=author,affiliation', 'scopus': 'https://www.scopus.com/inward/record.uri?partnerID=HzOxMe3b&scp=85122377172&origin=inward', 'scopus-citedby': 'https://www.scopus.com/inward/citedby.uri?partnerID=HzOxMe3b&scp=85122377172&origin=inward'}",https://api.elsevier.com/content/abstract/scopus_id/85122377172,SCOPUS_ID:85122377172,2-s2.0-85122377172,Autonomous Drones for Medical Assistance Using Reinforcement Learning,Jacob B.,Studies in Computational Intelligence,1860949X,998,133-156,2022-01-01,2022,10.1007/978-981-16-7220-0_9,,0,"[{'@_fa': 'true', 'affilname': 'Dublin Business School', 'affiliation-city': 'Dublin', 'affiliation-country': 'Ireland'}]",Book Series,ch,Book Chapter,,4900152708,0,False,18609503,,,,,
true,"{'self': 'https://api.elsevier.com/content/abstract/scopus_id/85122204198', 'author-affiliation': 'https://api.elsevier.com/content/abstract/scopus_id/85122204198?field=author,affiliation', 'scopus': 'https://www.scopus.com/inward/record.uri?partnerID=HzOxMe3b&scp=85122204198&origin=inward', 'scopus-citedby': 'https://www.scopus.com/inward/citedby.uri?partnerID=HzOxMe3b&scp=85122204198&origin=inward'}",https://api.elsevier.com/content/abstract/scopus_id/85122204198,SCOPUS_ID:85122204198,2-s2.0-85122204198,Creation and Spatial Analysis of 3D City Modeling based on GIS Data,Khayyal H.K.,Civil Engineering Journal (Iran),26766957,8,105-123,2022-01-01,January 2022,10.28991/CEJ-2022-08-01-08,,0,"[{'@_fa': 'true', 'affilname': 'Mansoura University', 'affiliation-city': 'Mansoura', 'affiliation-country': 'Egypt'}]",Journal,ar,Article,,21101033903,1,True,24763055,"{'value': [{'$': 'all'}, {'$': 'publisherfullgold'}]}","{'value': [{'$': 'All Open Access'}, {'$': 'Gold'}]}",1,,
true,"{'self': 'https://api.elsevier.com/content/abstract/scopus_id/85122089722', 'author-affiliation': 'https://api.elsevier.com/content/abstract/scopus_id/85122089722?field=author,affiliation', 'scopus': 'https://www.scopus.com/inward/record.uri?partnerID=HzOxMe3b&scp=85122089722&origin=inward', 'scopus-citedby': 'https://www.scopus.com/inward/citedby.uri?partnerID=HzOxMe3b&scp=85122089722&origin=inward'}",https://api.elsevier.com/content/abstract/scopus_id/85122089722,SCOPUS_ID:85122089722,2-s2.0-85122089722,Autonomous Detection and Deterrence of Pigeons on Buildings by Drones,Schiano F.,IEEE Access,,10,1745-1755,2022-01-01,2022,10.1109/ACCESS.2021.3137031,,0,"[{'@_fa': 'true', 'affilname': 'Ecole Polytechnique Fédérale de Lausanne', 'affiliation-city': 'Lausanne', 'affiliation-country': 'Switzerland'}]",Journal,ar,Article,,21100374601,1,True,21693536,"{'value': [{'$': 'all'}, {'$': 'publisherfullgold'}, {'$': 'repository'}, {'$': 'repositoryam'}]}","{'value': [{'$': 'All Open Access'}, {'$': 'Gold'}, {'$': 'Green'}]}",,,
true,"{'self': 'https://api.elsevier.com/content/abstract/scopus_id/85122019412', 'author-affiliation': 'https://api.elsevier.com/content/abstract/scopus_id/85122019412?field=author,affiliation', 'scopus': 'https://www.scopus.com/inward/record.uri?partnerID=HzOxMe3b&scp=85122019412&origin=inward', 'scopus-citedby': 'https://www.scopus.com/inward/citedby.uri?partnerID=HzOxMe3b&scp=85122019412&origin=inward'}",https://api.elsevier.com/content/abstract/scopus_id/85122019412,SCOPUS_ID:85122019412,2-s2.0-85122019412,Positive unlabelled learning for satellite images’time series analysis: An application to cereal and forest mapping,Desloires J.,Remote Sensing,,14,,2022-01-01,January-1 2022,10.3390/rs14010140,,0,"[{'@_fa': 'true', 'affilname': 'Syngenta France SAS', 'affiliation-city': 'Saint-Sauveur', 'affiliation-country': 'France'}, {'@_fa': 'true', 'affilname': 'Université de Montpellier', 'affiliation-city': 'Montpellier', 'affiliation-country': 'France'}]",Journal,ar,Article,140,86430,1,True,20724292,"{'value': [{'$': 'all'}, {'$': 'publisherfullgold'}]}","{'value': [{'$': 'All Open Access'}, {'$': 'Gold'}]}",1,,
true,"{'self': 'https://api.elsevier.com/content/abstract/scopus_id/85121778314', 'author-affiliation': 'https://api.elsevier.com/content/abstract/scopus_id/85121778314?field=author,affiliation', 'scopus': 'https://www.scopus.com/inward/record.uri?partnerID=HzOxMe3b&scp=85121778314&origin=inward', 'scopus-citedby': 'https://www.scopus.com/inward/citedby.uri?partnerID=HzOxMe3b&scp=85121778314&origin=inward'}",https://api.elsevier.com/content/abstract/scopus_id/85121778314,SCOPUS_ID:85121778314,2-s2.0-85121778314,Hybrid Attention Networks for Flow and Pressure Forecasting in Water Distribution Systems,Ma Z.,IEEE Geoscience and Remote Sensing Letters,1545598X,19,,2022-01-01,2022,10.1109/LGRS.2020.3030839,,0,"[{'@_fa': 'true', 'affilname': 'Tsinghua University', 'affiliation-city': 'Beijing', 'affiliation-country': 'China'}]",Journal,ar,Article,,17259,0,False,15580571,"{'value': [{'$': 'all'}, {'$': 'repository'}, {'$': 'repositoryam'}]}","{'value': [{'$': 'All Open Access'}, {'$': 'Green'}]}",,,
true,"{'self': 'https://api.elsevier.com/content/abstract/scopus_id/85121760282', 'author-affiliation': 'https://api.elsevier.com/content/abstract/scopus_id/85121760282?field=author,affiliation', 'scopus': 'https://www.scopus.com/inward/record.uri?partnerID=HzOxMe3b&scp=85121760282&origin=inward', 'scopus-citedby': 'https://www.scopus.com/inward/citedby.uri?partnerID=HzOxMe3b&scp=85121760282&origin=inward'}",https://api.elsevier.com/content/abstract/scopus_id/85121760282,SCOPUS_ID:85121760282,2-s2.0-85121760282,Maintaining IoT Healthcare Records Using Cloud Storage,Chennam K.K.,EAI/Springer Innovations in Communication and Computing,25228595,,215-233,2022-01-01,2022,10.1007/978-3-030-82715-1_10,,0,"[{'@_fa': 'true', 'affilname': 'G. Narayanamma Institute of Technology and Science (for women)', 'affiliation-city': 'Hyderabad', 'affiliation-country': 'India'}]",Book Series,ch,Book Chapter,,21101019713,0,False,25228609,,,,,
true,"{'self': 'https://api.elsevier.com/content/abstract/scopus_id/85121735982', 'author-affiliation': 'https://api.elsevier.com/content/abstract/scopus_id/85121735982?field=author,affiliation', 'scopus': 'https://www.scopus.com/inward/record.uri?partnerID=HzOxMe3b&scp=85121735982&origin=inward', 'scopus-citedby': 'https://www.scopus.com/inward/citedby.uri?partnerID=HzOxMe3b&scp=85121735982&origin=inward'}",https://api.elsevier.com/content/abstract/scopus_id/85121735982,SCOPUS_ID:85121735982,2-s2.0-85121735982,Spatial-temporal flows-adaptive street layout control using reinforcement learning,Ye Q.,Sustainability (Switzerland),,14,,2022-01-01,January-1 2022,10.3390/su14010107,,0,"[{'@_fa': 'true', 'affilname': 'Imperial College London', 'affiliation-city': 'London', 'affiliation-country': 'United Kingdom'}]",Journal,ar,Article,107,21100240100,1,True,20711050,"{'value': [{'$': 'all'}, {'$': 'publisherfullgold'}, {'$': 'repository'}, {'$': 'repositoryam'}]}","{'value': [{'$': 'All Open Access'}, {'$': 'Gold'}, {'$': 'Green'}]}",1,,
true,"{'self': 'https://api.elsevier.com/content/abstract/scopus_id/85120901350', 'author-affiliation': 'https://api.elsevier.com/content/abstract/scopus_id/85120901350?field=author,affiliation', 'scopus': 'https://www.scopus.com/inward/record.uri?partnerID=HzOxMe3b&scp=85120901350&origin=inward', 'scopus-citedby': 'https://www.scopus.com/inward/citedby.uri?partnerID=HzOxMe3b&scp=85120901350&origin=inward'}",https://api.elsevier.com/content/abstract/scopus_id/85120901350,SCOPUS_ID:85120901350,2-s2.0-85120901350,Densely-Populated Traffic Detection Using YOLOv5 and Non-maximum Suppression Ensembling,Rahman R.,Lecture Notes on Data Engineering and Communications Technologies,23674512,95,567-578,2022-01-01,2022,10.1007/978-981-16-6636-0_43,,0,"[{'@_fa': 'true', 'affilname': 'Islamic University of Technology', 'affiliation-city': 'Gazipur', 'affiliation-country': 'Bangladesh'}]",Book Series,ch,Book Chapter,,21100975545,0,False,23674520,"{'value': [{'$': 'all'}, {'$': 'repository'}, {'$': 'repositoryam'}]}","{'value': [{'$': 'All Open Access'}, {'$': 'Green'}]}",,,
true,"{'self': 'https://api.elsevier.com/content/abstract/scopus_id/85120881318', 'author-affiliation': 'https://api.elsevier.com/content/abstract/scopus_id/85120881318?field=author,affiliation', 'scopus': 'https://www.scopus.com/inward/record.uri?partnerID=HzOxMe3b&scp=85120881318&origin=inward', 'scopus-citedby': 'https://www.scopus.com/inward/citedby.uri?partnerID=HzOxMe3b&scp=85120881318&origin=inward'}",https://api.elsevier.com/content/abstract/scopus_id/85120881318,SCOPUS_ID:85120881318,2-s2.0-85120881318,HELP-WSN-A novel adaptive multi-tier hybrid intelligent framework for QoS aware WSN-IoT networks,Sampathkumar J.,"Computers, Materials and Continua",15462218,71,2107-2123,2022-01-01,2022,10.32604/cmc.2022.019983,,0,"[{'@_fa': 'true', 'affilname': 'Mahendra College of Engineering', 'affiliation-city': 'Salem', 'affiliation-country': 'India'}]",Journal,ar,Article,,24364,1,True,15462226,"{'value': [{'$': 'all'}, {'$': 'publisherfullgold'}]}","{'value': [{'$': 'All Open Access'}, {'$': 'Gold'}]}",2,,
true,"{'self': 'https://api.elsevier.com/content/abstract/scopus_id/85120613816', 'author-affiliation': 'https://api.elsevier.com/content/abstract/scopus_id/85120613816?field=author,affiliation', 'scopus': 'https://www.scopus.com/inward/record.uri?partnerID=HzOxMe3b&scp=85120613816&origin=inward', 'scopus-citedby': 'https://www.scopus.com/inward/citedby.uri?partnerID=HzOxMe3b&scp=85120613816&origin=inward'}",https://api.elsevier.com/content/abstract/scopus_id/85120613816,SCOPUS_ID:85120613816,2-s2.0-85120613816,Midcourse Guidance and Control for Pulse Motor Boost Missile,Tang M.,Lecture Notes in Electrical Engineering,18761100,644 LNEE,3371-3381,2022-01-01,2022,10.1007/978-981-15-8155-7_281,,0,"[{'@_fa': 'true', 'affilname': 'Science and Technology on Space Physics Laboratory', 'affiliation-city': 'Beijing', 'affiliation-country': 'China'}]",Book Series,cp,Conference Paper,,19700186822,0,False,18761119,,,,,"[{'@_fa': 'true', '$': '9789811581540'}]"
true,"{'self': 'https://api.elsevier.com/content/abstract/scopus_id/85120490088', 'author-affiliation': 'https://api.elsevier.com/content/abstract/scopus_id/85120490088?field=author,affiliation', 'scopus': 'https://www.scopus.com/inward/record.uri?partnerID=HzOxMe3b&scp=85120490088&origin=inward', 'scopus-citedby': 'https://www.scopus.com/inward/citedby.uri?partnerID=HzOxMe3b&scp=85120490088&origin=inward', 'full-text': 'https://api.elsevier.com/content/article/eid/1-s2.0-S0968090X2100485X'}",https://api.elsevier.com/content/abstract/scopus_id/85120490088,SCOPUS_ID:85120490088,2-s2.0-85120490088,Do autonomous vehicles drive like humans? A Turing approach and an application to SAE automation Level 2 cars,Cascetta E.,Transportation Research Part C: Emerging Technologies,0968090X,134,,2022-01-01,January 2022,10.1016/j.trc.2021.103499,S0968090X2100485X,0,"[{'@_fa': 'true', 'affilname': 'Università degli Studi di Napoli Federico II', 'affiliation-city': 'Naples', 'affiliation-country': 'Italy'}]",Journal,ar,Article,103499,20893,1,True,,"{'value': [{'$': 'all'}, {'$': 'publisherfree2read'}]}","{'value': [{'$': 'All Open Access'}, {'$': 'Bronze'}]}",,,
true,"{'self': 'https://api.elsevier.com/content/abstract/scopus_id/85120081897', 'author-affiliation': 'https://api.elsevier.com/content/abstract/scopus_id/85120081897?field=author,affiliation', 'scopus': 'https://www.scopus.com/inward/record.uri?partnerID=HzOxMe3b&scp=85120081897&origin=inward', 'scopus-citedby': 'https://www.scopus.com/inward/citedby.uri?partnerID=HzOxMe3b&scp=85120081897&origin=inward'}",https://api.elsevier.com/content/abstract/scopus_id/85120081897,SCOPUS_ID:85120081897,2-s2.0-85120081897,Intelligent Traffic Management with Prioritized Scheduling System,Jainulabudeen S.A.K.,EAI/Springer Innovations in Communication and Computing,25228595,,23-34,2022-01-01,2022,10.1007/978-3-030-77637-4_2,,0,"[{'@_fa': 'true', 'affilname': 'Assistant Professor', 'affiliation-city': 'Chennai', 'affiliation-country': 'India'}]",Book Series,ch,Book Chapter,,21101019713,0,False,25228609,,,,,
true,"{'self': 'https://api.elsevier.com/content/abstract/scopus_id/85119995073', 'author-affiliation': 'https://api.elsevier.com/content/abstract/scopus_id/85119995073?field=author,affiliation', 'scopus': 'https://www.scopus.com/inward/record.uri?partnerID=HzOxMe3b&scp=85119995073&origin=inward', 'scopus-citedby': 'https://www.scopus.com/inward/citedby.uri?partnerID=HzOxMe3b&scp=85119995073&origin=inward', 'full-text': 'https://api.elsevier.com/content/article/eid/1-s2.0-S0924271621002835'}",https://api.elsevier.com/content/abstract/scopus_id/85119995073,SCOPUS_ID:85119995073,2-s2.0-85119995073,ChangeMask: Deep multi-task encoder-transformer-decoder architecture for semantic change detection,Zheng Z.,ISPRS Journal of Photogrammetry and Remote Sensing,09242716,183,228-239,2022-01-01,January 2022,10.1016/j.isprsjprs.2021.10.015,S0924271621002835,0,"[{'@_fa': 'true', 'affilname': 'Wuhan University', 'affiliation-city': 'Wuhan', 'affiliation-country': 'China'}]",Journal,ar,Article,,29161,0,False,,,,,,
true,"{'self': 'https://api.elsevier.com/content/abstract/scopus_id/85119905389', 'author-affiliation': 'https://api.elsevier.com/content/abstract/scopus_id/85119905389?field=author,affiliation', 'scopus': 'https://www.scopus.com/inward/record.uri?partnerID=HzOxMe3b&scp=85119905389&origin=inward', 'scopus-citedby': 'https://www.scopus.com/inward/citedby.uri?partnerID=HzOxMe3b&scp=85119905389&origin=inward', 'full-text': 'https://api.elsevier.com/content/article/eid/1-s2.0-S0196890421012061'}",https://api.elsevier.com/content/abstract/scopus_id/85119905389,SCOPUS_ID:85119905389,2-s2.0-85119905389,Deep reinforcement learning based energy management strategy of fuel cell hybrid railway vehicles considering fuel cell aging,Deng K.,Energy Conversion and Management,01968904,251,,2022-01-01,1 January 2022,10.1016/j.enconman.2021.115030,S0196890421012061,1,"[{'@_fa': 'true', 'affilname': 'Rheinisch-Westfälische Technische Hochschule Aachen', 'affiliation-city': 'Aachen', 'affiliation-country': 'Germany'}]",Journal,ar,Article,115030,29372,1,True,,"{'value': [{'$': 'all'}, {'$': 'publisherfree2read'}]}","{'value': [{'$': 'All Open Access'}, {'$': 'Bronze'}]}",,,
true,"{'self': 'https://api.elsevier.com/content/abstract/scopus_id/85119837878', 'author-affiliation': 'https://api.elsevier.com/content/abstract/scopus_id/85119837878?field=author,affiliation', 'scopus': 'https://www.scopus.com/inward/record.uri?partnerID=HzOxMe3b&scp=85119837878&origin=inward', 'scopus-citedby': 'https://www.scopus.com/inward/citedby.uri?partnerID=HzOxMe3b&scp=85119837878&origin=inward'}",https://api.elsevier.com/content/abstract/scopus_id/85119837878,SCOPUS_ID:85119837878,2-s2.0-85119837878,"2nd International Conference on Data Science, Machine Learning and Applications, ICDSMLA 2020",,Lecture Notes in Electrical Engineering,18761100,783,,2022-01-01,2022,,,0,,Book Series,cr,Conference Review,,19700186822,0,False,18761119,,,,,"[{'@_fa': 'true', '$': '9789811636899'}]"
true,"{'self': 'https://api.elsevier.com/content/abstract/scopus_id/85119276192', 'author-affiliation': 'https://api.elsevier.com/content/abstract/scopus_id/85119276192?field=author,affiliation', 'scopus': 'https://www.scopus.com/inward/record.uri?partnerID=HzOxMe3b&scp=85119276192&origin=inward', 'scopus-citedby': 'https://www.scopus.com/inward/citedby.uri?partnerID=HzOxMe3b&scp=85119276192&origin=inward'}",https://api.elsevier.com/content/abstract/scopus_id/85119276192,SCOPUS_ID:85119276192,2-s2.0-85119276192,A comprehensive survey on secure software-defined network for the Internet of Things,Babiker Mohamed M.,Transactions on Emerging Telecommunications Technologies,21615748,33,,2022-01-01,January 2022,10.1002/ett.4391,,0,"[{'@_fa': 'true', 'affilname': 'University of Derby', 'affiliation-city': 'Derby', 'affiliation-country': 'United Kingdom'}]",Journal,ar,Article,e4391,21100389313,0,False,21613915,,,1,,
true,"{'self': 'https://api.elsevier.com/content/abstract/scopus_id/85118983810', 'author-affiliation': 'https://api.elsevier.com/content/abstract/scopus_id/85118983810?field=author,affiliation', 'scopus': 'https://www.scopus.com/inward/record.uri?partnerID=HzOxMe3b&scp=85118983810&origin=inward', 'scopus-citedby': 'https://www.scopus.com/inward/citedby.uri?partnerID=HzOxMe3b&scp=85118983810&origin=inward'}",https://api.elsevier.com/content/abstract/scopus_id/85118983810,SCOPUS_ID:85118983810,2-s2.0-85118983810,An Improved Lightweight Traffic Sign Detection Model for Embedded Devices,Wenze Y.,Lecture Notes on Data Engineering and Communications Technologies,23674512,100,154-164,2022-01-01,2022,10.1007/978-3-030-89701-7_14,,0,"[{'@_fa': 'true', 'affilname': 'Fujian University of Technology', 'affiliation-city': 'Fuzhou', 'affiliation-country': 'China'}]",Book Series,ch,Book Chapter,,21100975545,0,False,23674520,,,,,
true,"{'self': 'https://api.elsevier.com/content/abstract/scopus_id/85118652361', 'author-affiliation': 'https://api.elsevier.com/content/abstract/scopus_id/85118652361?field=author,affiliation', 'scopus': 'https://www.scopus.com/inward/record.uri?partnerID=HzOxMe3b&scp=85118652361&origin=inward', 'scopus-citedby': 'https://www.scopus.com/inward/citedby.uri?partnerID=HzOxMe3b&scp=85118652361&origin=inward'}",https://api.elsevier.com/content/abstract/scopus_id/85118652361,SCOPUS_ID:85118652361,2-s2.0-85118652361,Hypo-driver: A multiview driver fatigue and distraction level detection system,Abbas Q.,"Computers, Materials and Continua",15462218,71,1999-2017,2022-01-01,2022,10.32604/cmc.2022.022553,,0,"[{'@_fa': 'true', 'affilname': 'Al-Imam Muhammad Ibn Saud Islamic University', 'affiliation-city': 'Riyadh', 'affiliation-country': 'Saudi Arabia'}]",Journal,ar,Article,,24364,1,True,15462226,"{'value': [{'$': 'all'}, {'$': 'publisherfullgold'}]}","{'value': [{'$': 'All Open Access'}, {'$': 'Gold'}]}",1,,
true,"{'self': 'https://api.elsevier.com/content/abstract/scopus_id/85118634214', 'author-affiliation': 'https://api.elsevier.com/content/abstract/scopus_id/85118634214?field=author,affiliation', 'scopus': 'https://www.scopus.com/inward/record.uri?partnerID=HzOxMe3b&scp=85118634214&origin=inward', 'scopus-citedby': 'https://www.scopus.com/inward/citedby.uri?partnerID=HzOxMe3b&scp=85118634214&origin=inward', 'full-text': 'https://api.elsevier.com/content/article/eid/1-s2.0-S1051200421003298'}",https://api.elsevier.com/content/abstract/scopus_id/85118634214,SCOPUS_ID:85118634214,2-s2.0-85118634214,Deep residual learning-based cognitive model for detection and classification of transmitted signal patterns in 5G smart city networks,Ahmed R.,Digital Signal Processing: A Review Journal,10512004,120,,2022-01-01,January 2022,10.1016/j.dsp.2021.103290,S1051200421003298,0,"[{'@_fa': 'true', 'affilname': 'University of Science and Technology Beijing', 'affiliation-city': 'Beijing', 'affiliation-country': 'China'}]",Journal,ar,Article,103290,24306,0,False,,,,,,
true,"{'self': 'https://api.elsevier.com/content/abstract/scopus_id/85118562642', 'author-affiliation': 'https://api.elsevier.com/content/abstract/scopus_id/85118562642?field=author,affiliation', 'scopus': 'https://www.scopus.com/inward/record.uri?partnerID=HzOxMe3b&scp=85118562642&origin=inward', 'scopus-citedby': 'https://www.scopus.com/inward/citedby.uri?partnerID=HzOxMe3b&scp=85118562642&origin=inward'}",https://api.elsevier.com/content/abstract/scopus_id/85118562642,SCOPUS_ID:85118562642,2-s2.0-85118562642,Courteous Behavior of Automated Vehicles at Unsignalized Intersections Via Reinforcement Learning,Yan S.,IEEE Robotics and Automation Letters,,7,191-198,2022-01-01,1 January 2022,10.1109/LRA.2021.3121807,,0,"[{'@_fa': 'true', 'affilname': 'Universität Freiburg', 'affiliation-city': 'Freiburg im Breisgau', 'affiliation-country': 'Germany'}]",Journal,ar,Article,,21100900379,0,False,23773766,"{'value': [{'$': 'all'}, {'$': 'repository'}, {'$': 'repositoryam'}]}","{'value': [{'$': 'All Open Access'}, {'$': 'Green'}]}",1,,
true,"{'self': 'https://api.elsevier.com/content/abstract/scopus_id/85118477493', 'author-affiliation': 'https://api.elsevier.com/content/abstract/scopus_id/85118477493?field=author,affiliation', 'scopus': 'https://www.scopus.com/inward/record.uri?partnerID=HzOxMe3b&scp=85118477493&origin=inward', 'scopus-citedby': 'https://www.scopus.com/inward/citedby.uri?partnerID=HzOxMe3b&scp=85118477493&origin=inward', 'full-text': 'https://api.elsevier.com/content/article/eid/1-s2.0-S0166361521001639'}",https://api.elsevier.com/content/abstract/scopus_id/85118477493,SCOPUS_ID:85118477493,2-s2.0-85118477493,C-Ports: A proposal for a comprehensive standardization and implementation plan of digital services offered by the “Port of the Future”,Pagano P.,Computers in Industry,01663615,134,,2022-01-01,January 2022,10.1016/j.compind.2021.103556,S0166361521001639,2,"[{'@_fa': 'true', 'affilname': 'Consorzio Nazionale Interuniversitario per le Telecomunicazioni', 'affiliation-city': 'Parma', 'affiliation-country': 'Italy'}]",Journal,re,Review,103556,19080,0,False,,"{'value': [{'$': 'all'}, {'$': 'repository'}, {'$': 'repositoryam'}]}","{'value': [{'$': 'All Open Access'}, {'$': 'Green'}]}",,,
true,"{'self': 'https://api.elsevier.com/content/abstract/scopus_id/85117732239', 'author-affiliation': 'https://api.elsevier.com/content/abstract/scopus_id/85117732239?field=author,affiliation', 'scopus': 'https://www.scopus.com/inward/record.uri?partnerID=HzOxMe3b&scp=85117732239&origin=inward', 'scopus-citedby': 'https://www.scopus.com/inward/citedby.uri?partnerID=HzOxMe3b&scp=85117732239&origin=inward', 'full-text': 'https://api.elsevier.com/content/article/eid/1-s2.0-S2210670721006399'}",https://api.elsevier.com/content/abstract/scopus_id/85117732239,SCOPUS_ID:85117732239,2-s2.0-85117732239,Blockchain-enabled Secure Framework for Energy-Efficient Smart Parking in Sustainable City Environment,Singh S.K.,Sustainable Cities and Society,22106707,76,,2022-01-01,January 2022,10.1016/j.scs.2021.103364,S2210670721006399,1,"[{'@_fa': 'true', 'affilname': 'Seoul National University of Science and Technology (SNUST)', 'affiliation-city': 'Seoul', 'affiliation-country': 'South Korea'}]",Journal,ar,Article,103364,19700194105,0,False,,,,,,
true,"{'self': 'https://api.elsevier.com/content/abstract/scopus_id/85116840980', 'author-affiliation': 'https://api.elsevier.com/content/abstract/scopus_id/85116840980?field=author,affiliation', 'scopus': 'https://www.scopus.com/inward/record.uri?partnerID=HzOxMe3b&scp=85116840980&origin=inward', 'scopus-citedby': 'https://www.scopus.com/inward/citedby.uri?partnerID=HzOxMe3b&scp=85116840980&origin=inward'}",https://api.elsevier.com/content/abstract/scopus_id/85116840980,SCOPUS_ID:85116840980,2-s2.0-85116840980,Toward a Social Media Emergency Events Detection Based on Supervised Learning,Mendoza Y.,"Smart Innovation, Systems and Technologies",21903018,252,265-274,2022-01-01,2022,10.1007/978-981-16-4126-8_25,,0,"[{'@_fa': 'true', 'affilname': 'Universidad Técnica de Manabí', 'affiliation-city': 'Portoviejo', 'affiliation-country': 'Ecuador'}]",Book Series,cp,Conference Paper,,21100204111,0,False,21903026,,,,,"[{'@_fa': 'true', '$': '9789811641251'}]"
true,"{'self': 'https://api.elsevier.com/content/abstract/scopus_id/85115318213', 'author-affiliation': 'https://api.elsevier.com/content/abstract/scopus_id/85115318213?field=author,affiliation', 'scopus': 'https://www.scopus.com/inward/record.uri?partnerID=HzOxMe3b&scp=85115318213&origin=inward', 'scopus-citedby': 'https://www.scopus.com/inward/citedby.uri?partnerID=HzOxMe3b&scp=85115318213&origin=inward'}",https://api.elsevier.com/content/abstract/scopus_id/85115318213,SCOPUS_ID:85115318213,2-s2.0-85115318213,Detecting Presence of Masks and Violation of Social Distancing,Bansal D.,Lecture Notes in Networks and Systems,23673370,303 LNNS,67-73,2022-01-01,2022,10.1007/978-3-030-86223-7_7,,0,"[{'@_fa': 'true', 'affilname': 'Manipal University Jaipur', 'affiliation-city': 'Jaipur', 'affiliation-country': 'India'}]",Book Series,cp,Conference Paper,,21100901469,0,False,23673389,,,,,"[{'@_fa': 'true', '$': '9783030862220'}]"
true,"{'self': 'https://api.elsevier.com/content/abstract/scopus_id/85115208089', 'author-affiliation': 'https://api.elsevier.com/content/abstract/scopus_id/85115208089?field=author,affiliation', 'scopus': 'https://www.scopus.com/inward/record.uri?partnerID=HzOxMe3b&scp=85115208089&origin=inward', 'scopus-citedby': 'https://www.scopus.com/inward/citedby.uri?partnerID=HzOxMe3b&scp=85115208089&origin=inward'}",https://api.elsevier.com/content/abstract/scopus_id/85115208089,SCOPUS_ID:85115208089,2-s2.0-85115208089,"International Conference on Intelligent and Fuzzy Systems, INFUS 2021",,Lecture Notes in Networks and Systems,23673370,308,,2022-01-01,2022,,,0,,Book Series,cr,Conference Review,,21100901469,0,False,23673389,,,,,"[{'@_fa': 'true', '$': '9783030855765'}]"
true,"{'self': 'https://api.elsevier.com/content/abstract/scopus_id/85115159773', 'author-affiliation': 'https://api.elsevier.com/content/abstract/scopus_id/85115159773?field=author,affiliation', 'scopus': 'https://www.scopus.com/inward/record.uri?partnerID=HzOxMe3b&scp=85115159773&origin=inward', 'scopus-citedby': 'https://www.scopus.com/inward/citedby.uri?partnerID=HzOxMe3b&scp=85115159773&origin=inward'}",https://api.elsevier.com/content/abstract/scopus_id/85115159773,SCOPUS_ID:85115159773,2-s2.0-85115159773,Agritech Startup Ecosystem in Ukraine: Ideas and Realization,Babenko V.,Lecture Notes in Networks and Systems,23673370,224,311-322,2022-01-01,2022,10.1007/978-981-16-2275-5_19,,1,"[{'@_fa': 'true', 'affilname': 'Kharkiv National University', 'affiliation-city': 'Kharkiv', 'affiliation-country': 'Ukraine'}]",Book Series,cp,Conference Paper,,21100901469,0,False,23673389,,,,,"[{'@_fa': 'true', '$': '9789811622748'}]"
true,"{'self': 'https://api.elsevier.com/content/abstract/scopus_id/85115121332', 'author-affiliation': 'https://api.elsevier.com/content/abstract/scopus_id/85115121332?field=author,affiliation', 'scopus': 'https://www.scopus.com/inward/record.uri?partnerID=HzOxMe3b&scp=85115121332&origin=inward', 'scopus-citedby': 'https://www.scopus.com/inward/citedby.uri?partnerID=HzOxMe3b&scp=85115121332&origin=inward'}",https://api.elsevier.com/content/abstract/scopus_id/85115121332,SCOPUS_ID:85115121332,2-s2.0-85115121332,K-Means Algorithm: An Unsupervised Clustering Approach Using Various Similarity/Dissimilarity Measures,Patel S.S.,Lecture Notes in Networks and Systems,23673370,213,805-813,2022-01-01,2022,10.1007/978-981-16-2422-3_63,,0,"[{'@_fa': 'true', 'affilname': 'Academy of Scientific and Innovative Research (AcSIR)', 'affiliation-city': 'Ghaziabad', 'affiliation-country': 'India'}, {'@_fa': 'true', 'affilname': 'CSIR-Central Electronics Engineering Research Institute', 'affiliation-city': 'Pilani', 'affiliation-country': 'India'}]",Book Series,cp,Conference Paper,,21100901469,0,False,23673389,,,,,"[{'@_fa': 'true', '$': '9789811624216'}]"
true,"{'self': 'https://api.elsevier.com/content/abstract/scopus_id/85115074442', 'author-affiliation': 'https://api.elsevier.com/content/abstract/scopus_id/85115074442?field=author,affiliation', 'scopus': 'https://www.scopus.com/inward/record.uri?partnerID=HzOxMe3b&scp=85115074442&origin=inward', 'scopus-citedby': 'https://www.scopus.com/inward/citedby.uri?partnerID=HzOxMe3b&scp=85115074442&origin=inward'}",https://api.elsevier.com/content/abstract/scopus_id/85115074442,SCOPUS_ID:85115074442,2-s2.0-85115074442,"International Conference on Intelligent and Fuzzy Systems, INFUS 2021",,Lecture Notes in Networks and Systems,23673370,307,,2022-01-01,2022,,,0,,Book Series,cr,Conference Review,,21100901469,0,False,23673389,,,,,"[{'@_fa': 'true', '$': '9783030856250'}]"
true,"{'self': 'https://api.elsevier.com/content/abstract/scopus_id/85115050065', 'author-affiliation': 'https://api.elsevier.com/content/abstract/scopus_id/85115050065?field=author,affiliation', 'scopus': 'https://www.scopus.com/inward/record.uri?partnerID=HzOxMe3b&scp=85115050065&origin=inward', 'scopus-citedby': 'https://www.scopus.com/inward/citedby.uri?partnerID=HzOxMe3b&scp=85115050065&origin=inward'}",https://api.elsevier.com/content/abstract/scopus_id/85115050065,SCOPUS_ID:85115050065,2-s2.0-85115050065,Betweenness Centrality in Sparse Real World and Wireless Multi-hop Networks,Tuzcu A.,Lecture Notes in Networks and Systems,23673370,307,217-224,2022-01-01,2022,10.1007/978-3-030-85626-7_27,,0,"[{'@_fa': 'true', 'affilname': 'Izmir Bakircay University', 'affiliation-city': 'Izmir', 'affiliation-country': 'Turkey'}]",Book Series,cp,Conference Paper,,21100901469,0,False,23673389,,,,,"[{'@_fa': 'true', '$': '9783030856250'}]"
true,"{'self': 'https://api.elsevier.com/content/abstract/scopus_id/85114985028', 'author-affiliation': 'https://api.elsevier.com/content/abstract/scopus_id/85114985028?field=author,affiliation', 'scopus': 'https://www.scopus.com/inward/record.uri?partnerID=HzOxMe3b&scp=85114985028&origin=inward', 'scopus-citedby': 'https://www.scopus.com/inward/citedby.uri?partnerID=HzOxMe3b&scp=85114985028&origin=inward', 'full-text': 'https://api.elsevier.com/content/article/eid/1-s2.0-S0306261921011776'}",https://api.elsevier.com/content/abstract/scopus_id/85114985028,SCOPUS_ID:85114985028,2-s2.0-85114985028,Transferable representation modelling for real-time energy management of the plug-in hybrid vehicle based on k-fold fuzzy learning and Gaussian process regression,Zhou Q.,Applied Energy,03062619,305,,2022-01-01,1 January 2022,10.1016/j.apenergy.2021.117853,S0306261921011776,3,"[{'@_fa': 'true', 'affilname': 'Tsinghua University', 'affiliation-city': 'Beijing', 'affiliation-country': 'China'}, {'@_fa': 'true', 'affilname': 'University of Birmingham', 'affiliation-city': 'Birmingham', 'affiliation-country': 'United Kingdom'}]",Journal,ar,Article,117853,28801,0,False,,,,,,
true,"{'self': 'https://api.elsevier.com/content/abstract/scopus_id/85113737723', 'author-affiliation': 'https://api.elsevier.com/content/abstract/scopus_id/85113737723?field=author,affiliation', 'scopus': 'https://www.scopus.com/inward/record.uri?partnerID=HzOxMe3b&scp=85113737723&origin=inward', 'scopus-citedby': 'https://www.scopus.com/inward/citedby.uri?partnerID=HzOxMe3b&scp=85113737723&origin=inward'}",https://api.elsevier.com/content/abstract/scopus_id/85113737723,SCOPUS_ID:85113737723,2-s2.0-85113737723,Impact of Interventional Policies Including Vaccine on COVID-19 Propagation and Socio-economic Factors: Predictive Model Enabling Simulations Using Machine Learning and Big Data,Wu H.,Lecture Notes in Networks and Systems,23673370,296,877-884,2022-01-01,2022,10.1007/978-3-030-82199-9_60,,0,"[{'@_fa': 'true', 'affilname': 'Financial Innovation Labs (FinLabs) Synechron Inc.', 'affiliation-city': 'London', 'affiliation-country': 'United Kingdom'}]",Book Series,cp,Conference Paper,,21100901469,0,False,23673389,,,,,"[{'@_fa': 'true', '$': '9783030821982'}]"
true,"{'self': 'https://api.elsevier.com/content/abstract/scopus_id/85113556429', 'author-affiliation': 'https://api.elsevier.com/content/abstract/scopus_id/85113556429?field=author,affiliation', 'scopus': 'https://www.scopus.com/inward/record.uri?partnerID=HzOxMe3b&scp=85113556429&origin=inward', 'scopus-citedby': 'https://www.scopus.com/inward/citedby.uri?partnerID=HzOxMe3b&scp=85113556429&origin=inward'}",https://api.elsevier.com/content/abstract/scopus_id/85113556429,SCOPUS_ID:85113556429,2-s2.0-85113556429,"5th EAI International Conference on Management of Manufacturing Systems, MMS 2020",,EAI/Springer Innovations in Communication and Computing,25228595,,,2022-01-01,2022,,,0,,Book Series,cr,Conference Review,,21101019713,0,False,25228609,,,,,"[{'@_fa': 'true', '$': '9783030672409'}]"
true,"{'self': 'https://api.elsevier.com/content/abstract/scopus_id/85113545150', 'author-affiliation': 'https://api.elsevier.com/content/abstract/scopus_id/85113545150?field=author,affiliation', 'scopus': 'https://www.scopus.com/inward/record.uri?partnerID=HzOxMe3b&scp=85113545150&origin=inward', 'scopus-citedby': 'https://www.scopus.com/inward/citedby.uri?partnerID=HzOxMe3b&scp=85113545150&origin=inward'}",https://api.elsevier.com/content/abstract/scopus_id/85113545150,SCOPUS_ID:85113545150,2-s2.0-85113545150,Intelligent Development of Smart Cities: Deepint.net Case Studies,Corchado J.M.,Lecture Notes in Networks and Systems,23673370,253,211-225,2022-01-01,2022,10.1007/978-3-030-78901-5_19,,0,"[{'@_fa': 'true', 'affilname': 'AIR Institute, Spain', 'affiliation-city': 'Carbajosa de la Sagrada', 'affiliation-country': 'Spain'}, {'@_fa': 'true', 'affilname': 'Osaka Institute of Technology', 'affiliation-city': 'Osaka', 'affiliation-country': 'Japan'}, {'@_fa': 'true', 'affilname': 'Universidad de Salamanca', 'affiliation-city': 'Salamanca', 'affiliation-country': 'Spain'}]",Book Series,cp,Conference Paper,,21100901469,0,False,23673389,,,,,"[{'@_fa': 'true', '$': '9783030789008'}]"
true,"{'self': 'https://api.elsevier.com/content/abstract/scopus_id/85113514145', 'author-affiliation': 'https://api.elsevier.com/content/abstract/scopus_id/85113514145?field=author,affiliation', 'scopus': 'https://www.scopus.com/inward/record.uri?partnerID=HzOxMe3b&scp=85113514145&origin=inward', 'scopus-citedby': 'https://www.scopus.com/inward/citedby.uri?partnerID=HzOxMe3b&scp=85113514145&origin=inward'}",https://api.elsevier.com/content/abstract/scopus_id/85113514145,SCOPUS_ID:85113514145,2-s2.0-85113514145,"Smart City Healthcare Cyber Physical System: Characteristics, Technologies and Challenges",Verma R.,Wireless Personal Communications,09296212,122,1413-1433,2022-01-01,January 2022,10.1007/s11277-021-08955-6,,1,"[{'@_fa': 'true', 'affilname': 'PEC University of Technology', 'affiliation-city': 'Chandigarh', 'affiliation-country': 'India'}]",Journal,ar,Article,,20725,1,True,1572834X,"{'value': [{'$': 'all'}, {'$': 'publisherfree2read'}, {'$': 'repository'}, {'$': 'repositoryvor'}]}","{'value': [{'$': 'All Open Access'}, {'$': 'Bronze'}, {'$': 'Green'}]}",2,,
true,"{'self': 'https://api.elsevier.com/content/abstract/scopus_id/85104227503', 'author-affiliation': 'https://api.elsevier.com/content/abstract/scopus_id/85104227503?field=author,affiliation', 'scopus': 'https://www.scopus.com/inward/record.uri?partnerID=HzOxMe3b&scp=85104227503&origin=inward', 'scopus-citedby': 'https://www.scopus.com/inward/citedby.uri?partnerID=HzOxMe3b&scp=85104227503&origin=inward'}",https://api.elsevier.com/content/abstract/scopus_id/85104227503,SCOPUS_ID:85104227503,2-s2.0-85104227503,Prioritized Content Determination and Dissemination Using Reinforcement Learning in DTNs,Datta S.,IEEE Transactions on Network Science and Engineering,,9,20-32,2022-01-01,2022,10.1109/TNSE.2021.3072911,,0,"[{'@_fa': 'true', 'affilname': 'Missouri University of Science and Technology', 'affiliation-city': 'Rolla', 'affiliation-country': 'United States'}]",Journal,ar,Article,,21100372437,0,False,23274697,,,1,,
true,"{'self': 'https://api.elsevier.com/content/abstract/scopus_id/85099598614', 'author-affiliation': 'https://api.elsevier.com/content/abstract/scopus_id/85099598614?field=author,affiliation', 'scopus': 'https://www.scopus.com/inward/record.uri?partnerID=HzOxMe3b&scp=85099598614&origin=inward', 'scopus-citedby': 'https://www.scopus.com/inward/citedby.uri?partnerID=HzOxMe3b&scp=85099598614&origin=inward'}",https://api.elsevier.com/content/abstract/scopus_id/85099598614,SCOPUS_ID:85099598614,2-s2.0-85099598614,VFChain: Enabling Verifiable and Auditable Federated Learning via Blockchain Systems,Peng Z.,IEEE Transactions on Network Science and Engineering,,9,173-186,2022-01-01,2022,10.1109/TNSE.2021.3050781,,6,"[{'@_fa': 'true', 'affilname': 'Hong Kong Baptist University', 'affiliation-city': None, 'affiliation-country': 'Hong Kong'}]",Journal,ar,Article,,21100372437,0,False,23274697,,,1,,
